CustomerID,Revenue,Orders,Quantity
14646.0,280206.02,73,196915
18102.0,259657.3,60,64124
17450.0,194550.79,46,69993
16446.0,168472.5,2,80997
14911.0,143825.06,201,80265
12415.0,124914.53,21,77374
14156.0,117379.63,55,57885
17511.0,91062.38,31,64549
16029.0,81024.84,63,40208
12346.0,77183.6,1,74215
16684.0,66653.56,28,50255
14096.0,65164.79,17,16352
13694.0,65039.62,50,63312
15311.0,60767.9,91,38194
13089.0,58825.83,97,31070
17949.0,58510.48,45,30546
15769.0,56252.72,26,29672
15061.0,54534.14,48,28920
14298.0,51527.3,44,58343
14088.0,50491.81,13,12665
15749.0,44534.3,3,18028
12931.0,42055.96,15,28004
17841.0,40991.57,124,23071
15098.0,39916.5,3,121
13798.0,37153.85,57,23948
16013.0,37130.6,47,15536
16422.0,34684.4,51,33704
12748.0,33719.73,209,25747
15838.0,33643.08,19,18368
17404.0,31906.82,15,32748
17389.0,31833.68,34,7612
13098.0,28882.44,28,15968
14680.0,28754.11,16,13476
13081.0,28337.38,11,19068
13408.0,28117.04,62,16232
17857.0,26879.04,23,19256
16333.0,26626.8,22,32184
13777.0,25977.16,33,12897
12753.0,21429.39,6,11421
12744.0,21279.29,7,5241
16210.0,21086.3,18,7559
17675.0,20374.28,31,8360
17381.0,20275.61,29,25649
15039.0,19914.44,47,9209
12471.0,19824.05,30,8212
12731.0,18895.91,12,8437
15159.0,18641.01,30,11441
12901.0,17654.54,28,23075
12678.0,17628.46,12,10923
14031.0,17286.86,19,5788
17428.0,17256.85,28,9474
13767.0,17220.36,37,7322
13881.0,17159.52,20,10118
16839.0,16594.35,34,8975
12921.0,16587.09,37,9526
14607.0,16569.5,14,11766
15856.0,16387.57,27,11005
17677.0,16363.23,30,9775
15189.0,16225.39,41,6149
14051.0,15610.39,23,3756
15513.0,14758.22,19,5709
16133.0,14589.04,33,8887
14866.0,14389.9,12,6752
16705.0,14034.99,20,5476
12681.0,13787.54,22,7536
12621.0,13689.67,20,7440
12540.0,13400.24,17,6685
12433.0,13375.87,7,11071
15498.0,13316.4,27,6105
12477.0,13219.74,6,3653
17735.0,13110.02,19,8439
16525.0,13027.45,26,7397
14258.0,12669.98,9,7100
13078.0,12627.94,26,5630
12536.0,12601.83,3,2803
15640.0,12515.66,15,6607
16000.0,12393.7,3,5110
17340.0,12353.29,11,5967
12682.0,12288.22,31,5575
13113.0,12245.96,24,3045
14606.0,12156.65,93,6224
12557.0,11990.96,5,4384
12939.0,11581.8,8,4876
15125.0,11528.48,15,6193
14194.0,11349.52,21,5840
12971.0,11189.91,86,9289
14895.0,11138.71,20,4851
12409.0,11072.67,3,5551
15482.0,11054.96,12,5020
17581.0,11045.04,25,5927
13319.0,10845.55,26,4724
17107.0,10815.43,6,4837
13340.0,10736.48,7,5770
14769.0,10674.75,8,7436
17139.0,10668.47,12,5182
16779.0,10629.72,22,5325
17865.0,10526.32,20,5757
17706.0,10504.49,17,3899
15251.0,10484.99,11,6171
14062.0,10464.85,12,5593
15615.0,10399.74,23,5508
15502.0,10384.93,12,4236
16180.0,10254.18,8,5867
16843.0,10196.57,16,10159
12590.0,9864.26,2,4283
13001.0,9818.82,13,5505
13199.0,9817.12,38,6176
15078.0,9743.11,32,5105
12709.0,9736.52,15,3936
13458.0,9646.57,14,5508
14733.0,9585.91,12,3764
16523.0,9418.47,21,4265
12567.0,9401.28,10,4305
14367.0,9261.52,16,4438
14667.0,9241.2,25,5385
18092.0,9068.26,11,4252
13969.0,9053.94,18,4542
12451.0,9035.52,5,6575
13488.0,8968.31,13,4518
13090.0,8910.82,14,2263
16033.0,8816.4,20,3539
17017.0,8694.26,20,6673
17243.0,8676.85,26,3370
17306.0,8631.31,19,11491
16656.0,8625.8,15,8894
14527.0,8508.82,55,2089
12683.0,8476.57,15,4987
18139.0,8438.34,6,5557
15358.0,8347.2,22,7050
16558.0,8338.49,20,5377
14056.0,8214.65,23,4273
14936.0,8137.02,8,4085
16672.0,8134.94,20,2832
13854.0,8109.52,25,2296
14952.0,8099.49,11,3355
18109.0,8052.97,26,4237
14796.0,8022.49,17,6025
12428.0,7956.46,9,3536
15290.0,7943.22,18,4501
14849.0,7930.54,25,5694
12757.0,7857.1,13,2402
17811.0,7837.73,39,4177
13093.0,7832.47,8,3961
12435.0,7829.89,2,2055
13629.0,7792.36,11,4372
15044.0,7700.23,17,2795
15194.0,7616.53,15,5703
18172.0,7561.68,20,3184
13263.0,7454.07,35,4780
12474.0,7375.79,18,4847
12980.0,7374.9,9,886
15465.0,7354.62,18,1257
17396.0,7330.8,8,2005
12583.0,7281.38,15,5060
13018.0,7277.7,28,5435
18229.0,7276.9,20,2488
16923.0,7247.61,19,3417
16729.0,7239.92,21,5783
16745.0,7194.3,17,6735
16873.0,7123.62,6,3840
13324.0,7121.95,10,5205
13985.0,7060.13,15,3445
14961.0,7044.68,9,3708
12766.0,6989.63,7,3646
12798.0,6977.04,3,5256
12989.0,6924.11,15,2943
16713.0,6923.13,15,4276
13027.0,6912.0,6,17280
16187.0,6911.44,15,5048
17416.0,6893.42,7,4302
12705.0,6868.29,9,3997
12476.0,6816.42,11,2408
12830.0,6814.64,6,9848
15023.0,6802.76,11,2871
18055.0,6784.19,10,2455
15601.0,6776.56,14,4983
16652.0,6773.97,7,3283
16532.0,6748.8,3,2016
13576.0,6717.34,18,2646
16746.0,6697.66,18,4665
15249.0,6688.46,13,3577
16353.0,6675.71,23,2006
17338.0,6643.93,8,3128
12626.0,6620.48,9,3453
16182.0,6617.65,4,3791
15144.0,6580.44,17,3050
12472.0,6572.11,7,4148
16814.0,6509.1,21,2769
12431.0,6487.45,15,2906
18223.0,6484.54,14,2948
15694.0,6479.4,14,1677
13225.0,6463.84,7,3416
13102.0,6424.09,24,4204
13871.0,6403.25,13,2806
12359.0,6372.58,4,1622
13668.0,6363.59,21,3742
13709.0,6328.05,13,3516
15005.0,6316.57,28,4247
17315.0,6292.26,38,3888
16126.0,6287.77,4,2125
14057.0,6217.96,17,4876
12357.0,6207.67,1,2708
14060.0,6140.42,19,5386
13418.0,6127.43,18,3918
17509.0,6115.14,8,3534
15939.0,6115.01,15,4728
14735.0,6065.69,32,2264
12637.0,6021.9,8,3002
13097.0,6010.42,10,2363
13316.0,5977.73,4,6948
14101.0,5976.79,6,6942
15382.0,5955.71,6,4012
14505.0,5905.64,8,2759
14415.0,5900.28,13,3011
14944.0,5900.25,12,2815
13209.0,5891.61,8,4253
13534.0,5870.08,25,2961
13050.0,5836.86,17,3748
12720.0,5781.73,25,4672
15218.0,5756.89,11,3329
17686.0,5739.46,7,2478
13178.0,5725.47,11,3570
16553.0,5719.82,12,4600
13468.0,5704.97,37,2589
14110.0,5683.15,12,2445
14049.0,5681.72,4,3870
17049.0,5659.98,9,2676
17716.0,5655.99,11,3072
13004.0,5655.91,18,4822
18118.0,5653.82,26,2882
14688.0,5630.87,21,3621
17757.0,5605.29,30,3320
12481.0,5596.32,10,3304
12839.0,5591.42,14,3807
16767.0,5580.6,11,4435
16161.0,5575.56,19,2599
12539.0,5568.35,4,2067
15805.0,5528.48,17,3387
18225.0,5509.12,12,3244
16609.0,5493.46,7,2420
16985.0,5464.12,10,1832
16265.0,5447.0,9,2646
18198.0,5425.56,17,4074
12490.0,5417.93,10,3064
17809.0,5411.91,12,2057
16701.0,5398.3,13,6393
17719.0,5396.04,15,2466
17850.0,5391.21,34,1733
16303.0,5360.63,3,2659
13269.0,5346.23,15,3514
15150.0,5314.47,10,3658
17730.0,5298.48,13,3576
17061.0,5232.23,11,1526
18226.0,5228.05,11,3466
12362.0,5226.23,10,2229
15046.0,5213.77,15,3451
16258.0,5203.51,5,2994
13756.0,5189.52,14,3188
16191.0,5180.52,13,3351
15727.0,5178.96,7,3065
17858.0,5155.66,12,2706
13599.0,5153.67,21,3294
15903.0,5126.76,7,2410
13941.0,5112.96,5,2364
17602.0,5102.97,6,4151
16700.0,5076.55,13,4024
14562.0,5074.77,18,1834
15301.0,5070.35,12,2775
13139.0,5064.94,7,2425
12432.0,5059.32,5,1801
15719.0,5045.61,13,2725
17426.0,5037.26,6,3094
14329.0,5014.84,7,3095
14755.0,5010.28,11,2219
12444.0,5005.46,5,1153
15032.0,4959.1,3,2968
15547.0,4954.84,14,4032
12437.0,4951.41,18,2922
12700.0,4939.99,4,2967
15786.0,4932.2,3,3364
14709.0,4921.04,13,2484
17133.0,4892.24,7,2730
12664.0,4881.88,9,1203
12688.0,4873.81,1,3028
14292.0,4871.93,9,1663
17652.0,4867.72,12,2509
15738.0,4812.42,16,2982
13013.0,4810.94,13,2224
15555.0,4805.17,16,4439
17365.0,4801.56,8,4777
15298.0,4799.9,12,3116
15187.0,4777.18,16,1887
17690.0,4757.95,15,1773
12955.0,4757.16,11,3664
14180.0,4748.52,25,719
15152.0,4745.69,13,2704
16722.0,4730.81,13,5001
12714.0,4708.86,5,3069
14159.0,4693.01,11,4408
14135.0,4690.31,15,3850
14191.0,4684.76,13,3662
15291.0,4668.3,15,2103
14189.0,4654.08,15,3937
14390.0,4652.82,9,2136
14286.0,4628.75,3,4338
16931.0,4604.22,21,3158
13802.0,4599.42,3,2572
15093.0,4597.02,6,3760
14004.0,4582.64,7,2668
17613.0,4559.15,14,2496
17068.0,4552.14,21,2164
12484.0,4541.72,6,2191
13267.0,4521.49,19,1969
15299.0,4507.01,7,2948
17975.0,4488.81,13,1568
12524.0,4485.72,8,3699
14426.0,4481.67,10,2699
16984.0,4481.35,2,2423
17364.0,4481.18,11,2701
12627.0,4478.53,7,2752
14085.0,4448.54,18,3184
14534.0,4447.05,18,2047
13069.0,4436.12,24,5885
15955.0,4416.26,14,2135
16626.0,4413.1,17,2690
15874.0,4405.88,7,2534
12712.0,4396.13,13,1062
13505.0,4393.63,4,2486
12752.0,4366.78,1,2262
16945.0,4345.5,19,2725
14016.0,4341.21,4,2125
14800.0,4339.74,12,3655
14525.0,4332.2,9,2696
17567.0,4331.48,8,2632
18251.0,4314.72,1,7824
12347.0,4310.0,7,2458
15034.0,4308.61,8,2422
17937.0,4301.22,7,1754
14422.0,4263.64,6,2906
12500.0,4257.82,11,2678
17419.0,4226.57,12,1876
14277.0,4216.2,3,1984
15804.0,4206.39,13,2565
17920.0,4204.1,17,2516
15971.0,4199.85,12,1717
12747.0,4196.01,11,1275
14146.0,4191.0,5,2437
18041.0,4183.39,21,3819
12949.0,4167.22,8,2381
15570.0,4165.52,12,2067
16549.0,4154.64,10,2365
13384.0,4151.93,7,2422
13555.0,4149.28,4,2660
13988.0,4147.96,6,3044
15514.0,4139.46,11,2160
12569.0,4124.69,32,1801
16592.0,4113.68,16,2927
17940.0,4106.44,10,9755
17377.0,4100.92,20,2076
16401.0,4098.32,12,3882
16670.0,4095.9,11,2556
12749.0,4090.88,5,1471
14092.0,4076.91,14,2066
12449.0,4067.29,4,1553
18087.0,4055.72,2,3907
14401.0,4051.48,13,4507
12656.0,4051.17,5,1723
12867.0,4036.82,7,4298
13815.0,4027.36,4,2560
12841.0,4022.35,25,2757
12957.0,4017.54,8,2549
12378.0,4008.62,1,2529
14547.0,4007.54,8,2668
16186.0,4006.94,12,3020
17769.0,3997.98,10,1862
15529.0,3995.23,11,3496
17001.0,3989.57,11,2164
15416.0,3984.32,4,2090
17611.0,3984.22,15,2560
12779.0,3981.36,8,2024
12727.0,3980.7,7,2098
14299.0,3965.62,9,2149
13523.0,3964.88,5,1752
13183.0,3957.78,9,2208
17651.0,3945.0,10,3112
12473.0,3938.55,5,2439
17593.0,3927.34,5,3101
14739.0,3902.28,7,3820
13999.0,3901.81,12,2243
14291.0,3883.25,11,2749
18073.0,3877.52,12,3108
13124.0,3866.33,3,2147
15195.0,3861.0,1,1404
16717.0,3858.38,6,1866
12662.0,3849.78,11,2058
16327.0,3844.22,6,2571
13266.0,3834.26,12,4428
17091.0,3827.76,9,1746
15867.0,3812.64,15,2054
12755.0,3811.95,2,1491
12597.0,3811.22,4,2236
13435.0,3809.89,7,2129
12668.0,3807.15,4,1634
16145.0,3799.49,11,3123
16655.0,3794.52,6,2367
16168.0,3787.6,27,1892
16019.0,3786.24,9,1733
12562.0,3781.74,7,1779
17173.0,3766.6,8,1122
16904.0,3754.27,16,2034
12429.0,3750.4,4,1557
17238.0,3744.65,17,1822
14145.0,3742.2,4,756
13552.0,3740.07,12,1417
16570.0,3738.4,10,2112
15808.0,3734.97,4,1343
14282.0,3729.34,15,2668
12502.0,3723.87,5,820
12647.0,3722.82,12,1431
13680.0,3722.42,4,1936
16240.0,3718.8,2,1641
14364.0,3717.35,8,1967
15845.0,3711.77,8,1926
15622.0,3709.56,9,1674
13148.0,3707.12,12,1975
17819.0,3704.87,7,1031
15379.0,3703.29,7,2305
12553.0,3692.28,10,1965
16253.0,3683.86,2,3233
15581.0,3679.97,13,286
15296.0,3672.86,6,1766
18079.0,3651.97,4,7432
13137.0,3650.41,8,2226
12417.0,3649.1,9,1552
16712.0,3645.43,11,1749
13426.0,3641.32,10,2245
12619.0,3641.24,9,3378
16440.0,3640.67,5,2018
13381.0,3639.31,6,2029
17230.0,3638.41,8,1651
14543.0,3630.33,16,679
17528.0,3628.5,8,2138
13327.0,3627.77,8,1600
13520.0,3624.35,6,1649
17576.0,3622.68,19,1994
14040.0,3614.92,12,1554
13082.0,3613.63,9,4324
15505.0,3610.96,5,2390
15113.0,3609.33,3,2386
16242.0,3603.21,7,1982
15484.0,3594.31,4,3152
14132.0,3586.03,11,3368
17203.0,3563.85,6,2850
17491.0,3558.87,10,2013
15544.0,3546.71,9,3109
12370.0,3545.69,4,2353
14503.0,3543.26,6,2004
13448.0,3539.37,6,1660
13334.0,3536.82,3,1774
12454.0,3528.34,1,1006
17160.0,3518.03,6,2856
13953.0,3515.68,7,2724
16360.0,3512.53,6,2144
14395.0,3507.71,9,1693
16131.0,3506.54,6,1802
14907.0,3501.1,7,1691
16458.0,3482.74,18,2154
13993.0,3466.36,9,900
13014.0,3466.28,10,905
17758.0,3456.7,8,2091
15410.0,3450.84,8,1200
13536.0,3448.29,7,2136
15129.0,3447.4,11,1794
15974.0,3442.15,7,2262
17725.0,3439.08,11,2162
15676.0,3435.76,3,2252
14221.0,3432.8,9,2191
12406.0,3415.3,2,1818
15981.0,3408.48,8,1866
13437.0,3408.06,7,1283
17669.0,3406.72,7,1916
13198.0,3401.24,6,2648
15228.0,3386.71,4,2255
13842.0,3385.62,9,1768
15708.0,3364.24,7,1267
16011.0,3362.71,16,2042
14227.0,3350.96,10,1820
16818.0,3349.57,11,2164
16607.0,3347.71,14,2859
17183.0,3347.31,6,1296
13015.0,3346.28,5,1617
12643.0,3344.64,6,1808
12613.0,3344.38,5,1644
12594.0,3338.22,10,1777
16556.0,3313.79,7,1890
13373.0,3312.25,3,1651
14841.0,3295.76,6,1778
14702.0,3292.14,17,1454
15632.0,3285.31,8,2109
12480.0,3281.63,4,1707
15764.0,3279.97,6,2050
17723.0,3276.4,6,792
13952.0,3251.07,2,1431
13047.0,3237.54,10,1391
15443.0,3236.91,7,1663
17050.0,3228.84,6,1614
14175.0,3222.3,3,1515
13880.0,3219.77,13,1842
13268.0,3214.69,11,3658
14388.0,3212.84,8,1941
16107.0,3204.16,7,1176
17220.0,3198.25,14,1905
13868.0,3192.54,2,1964
17685.0,3191.53,7,1956
13758.0,3190.55,7,1844
14844.0,3189.81,4,1833
12456.0,3181.04,3,1633
17672.0,3178.17,2,1690
17231.0,3174.32,10,1742
16837.0,3170.98,11,1563
16041.0,3166.4,3,1584
15861.0,3165.36,8,2544
17863.0,3160.0,6,2638
15065.0,3158.13,4,1383
14235.0,3144.86,5,1959
13742.0,3131.02,12,1124
16156.0,3122.04,9,1308
13685.0,3119.44,7,5056
16326.0,3110.96,14,709
16678.0,3109.99,12,2397
13869.0,3104.95,4,1721
14099.0,3104.17,11,2179
16905.0,3102.43,7,1408
15491.0,3100.09,6,1646
14257.0,3099.72,5,1682
14565.0,3099.12,4,1540
13135.0,3096.0,1,4300
17059.0,3095.04,5,1855
13362.0,3090.74,4,1382
15998.0,3089.97,5,2041
16218.0,3084.68,7,2088
18272.0,3078.58,6,2050
12910.0,3075.04,8,1692
13631.0,3070.42,11,467
16686.0,3062.83,7,2030
14456.0,3062.4,9,2908
17799.0,3055.93,10,1758
16940.0,3049.88,3,2169
16393.0,3046.21,13,1576
16709.0,3029.87,5,851
12598.0,3023.08,8,1964
12395.0,3018.63,12,2118
18094.0,3017.3,7,2518
12754.0,3010.74,3,6481
12916.0,3006.15,4,1119
15521.0,3000.2,8,1836
17659.0,2999.46,12,1525
17504.0,2997.03,9,1664
12670.0,2996.05,5,1397
14307.0,2995.72,6,2058
15687.0,2993.1,9,1310
14639.0,2984.49,6,1431
13451.0,2976.15,5,2149
14032.0,2975.59,11,2032
15854.0,2974.65,12,939
16497.0,2965.69,6,1396
17924.0,2962.5,7,1160
14868.0,2953.59,8,1405
17084.0,2949.75,2,1816
17444.0,2940.04,3,2119
16316.0,2938.91,8,1484
14530.0,2925.91,6,1410
17512.0,2924.99,10,2753
15606.0,2920.16,9,892
12906.0,2919.81,5,1749
14112.0,2915.15,7,1651
12438.0,2906.85,2,1180
17644.0,2895.64,11,1793
18144.0,2888.75,12,1343
12408.0,2888.55,5,1409
13735.0,2885.24,4,1130
16633.0,2883.1,6,1138
15673.0,2881.02,4,1514
14251.0,2879.7,5,1674
17728.0,2876.01,3,1469
14005.0,2874.72,5,2478
15628.0,2870.24,9,1894
14711.0,2868.8,11,978
13901.0,2867.2,5,1739
14535.0,2864.19,3,1831
12685.0,2863.08,6,1523
18145.0,2861.55,4,2625
16928.0,2847.6,17,2114
15984.0,2837.67,10,1843
14852.0,2836.69,6,1747
14572.0,2832.84,7,1428
17596.0,2827.93,7,4400
14842.0,2824.69,4,1166
13174.0,2817.03,3,1395
16871.0,2812.34,6,1253
12356.0,2811.43,3,1591
14903.0,2810.63,5,1536
18230.0,2810.2,7,1316
13230.0,2806.97,14,1665
16081.0,2806.9,5,1477
16764.0,2799.25,13,1259
15993.0,2797.57,7,2051
13769.0,2796.51,10,1163
12578.0,2794.51,2,1196
12758.0,2791.59,2,2135
17739.0,2791.35,7,861
14626.0,2791.27,4,1403
17213.0,2781.23,7,1176
12388.0,2780.66,6,1462
14121.0,2780.15,4,2082
17838.0,2779.3,5,1879
13870.0,2770.94,8,1325
15356.0,2766.5,10,1673
15114.0,2760.56,10,3096
14854.0,2759.83,7,1832
13971.0,2758.26,8,1844
15321.0,2748.31,3,1181
12669.0,2744.03,3,1115
14808.0,2741.17,8,2147
14125.0,2740.43,3,1640
15696.0,2736.46,8,1028
16938.0,2736.38,4,2540
16003.0,2735.37,5,1185
12840.0,2726.77,4,1511
12380.0,2724.81,4,1127
12708.0,2712.91,10,1307
15796.0,2711.56,8,861
17069.0,2709.7,9,1506
13285.0,2709.12,4,2051
13654.0,2707.33,6,2182
14107.0,2703.23,7,1793
14732.0,2702.49,8,1405
18097.0,2697.8,6,1686
17386.0,2686.42,6,1902
12625.0,2683.82,2,1612
17346.0,2676.56,15,1657
13883.0,2674.48,5,1436
14713.0,2666.36,11,1615
12360.0,2662.06,3,1165
14439.0,2661.24,1,526
15671.0,2657.13,7,1699
12721.0,2656.13,6,1959
13851.0,2651.46,3,1705
16618.0,2647.59,5,1363
18260.0,2643.2,6,1478
13658.0,2639.17,5,1019
17655.0,2638.94,7,1116
15752.0,2637.38,7,1978
13804.0,2635.79,7,1498
13771.0,2634.45,4,1477
12520.0,2634.26,5,1439
17402.0,2633.85,13,701
18077.0,2633.01,11,1878
13422.0,2626.3,1,1326
13644.0,2624.26,4,2067
17965.0,2622.57,14,1556
18210.0,2621.38,6,1398
16255.0,2619.91,8,1767
14262.0,2618.23,8,1645
13021.0,2616.38,9,1352
15782.0,2614.74,3,864
14397.0,2612.96,19,1890
12836.0,2612.86,4,1064
18075.0,2611.75,10,1464
12726.0,2609.1,7,3143
16241.0,2607.87,13,1453
13136.0,2607.61,5,1328
14408.0,2606.53,7,1616
13983.0,2603.43,12,1183
17317.0,2600.34,3,1146
12600.0,2599.04,10,774
16919.0,2596.45,11,1413
13895.0,2593.07,4,1365
14243.0,2588.77,10,1221
15033.0,2586.67,10,1695
13911.0,2580.91,9,2731
14546.0,2578.09,5,1317
16912.0,2575.38,11,1029
15485.0,2575.0,3,1306
18245.0,2567.06,7,1788
16308.0,2560.0,4,8000
15572.0,2552.86,7,1229
14334.0,2552.21,8,1731
14701.0,2549.37,9,932
14676.0,2548.24,6,2500
13344.0,2543.72,3,971
14776.0,2538.3,11,3134
17700.0,2534.64,4,1266
13471.0,2531.58,4,1590
14659.0,2529.93,9,1195
17314.0,2527.92,8,1896
13975.0,2526.28,6,1732
17449.0,2520.86,7,1122
13394.0,2520.02,8,2392
15245.0,2515.84,3,1784
15271.0,2507.07,15,1262
12352.0,2506.04,8,536
13695.0,2504.13,15,1603
12517.0,2502.84,5,1371
15932.0,2495.87,8,2325
16477.0,2494.46,7,1415
12483.0,2484.98,8,1110
12913.0,2483.63,5,1419
16710.0,2483.04,10,1836
14315.0,2481.13,6,1021
13507.0,2479.16,4,1597
13588.0,2478.95,9,2606
17682.0,2474.33,6,1367
17188.0,2474.23,7,1328
14766.0,2473.37,6,1349
14502.0,2470.67,11,1498
17164.0,2467.35,7,1501
12455.0,2466.86,6,2089
15750.0,2465.48,8,1786
17131.0,2463.17,5,983
13784.0,2462.79,11,2493
15674.0,2446.6,5,1275
14163.0,2445.91,4,893
15527.0,2429.78,8,992
17071.0,2429.03,9,1197
13949.0,2427.32,6,2474
16143.0,2424.94,6,919
17722.0,2424.04,4,1595
15089.0,2420.84,6,1359
15373.0,2415.91,12,500
12397.0,2409.9,2,1263
17589.0,2404.17,4,1631
15980.0,2398.86,3,1560
18065.0,2392.83,14,1027
13141.0,2388.75,5,1548
15370.0,2386.05,7,830
17530.0,2385.0,10,1526
14493.0,2383.24,5,1285
14554.0,2381.04,4,1478
14239.0,2380.85,11,993
15270.0,2379.49,7,1521
13722.0,2375.41,3,1401
17434.0,2373.82,7,1693
14930.0,2372.86,3,1166
13908.0,2369.55,4,1478
15755.0,2364.25,6,1427
12457.0,2363.23,7,843
17634.0,2361.97,9,840
14030.0,2360.09,8,1479
14440.0,2357.68,5,588
15140.0,2354.25,7,1572
14309.0,2352.53,9,1633
12704.0,2340.84,8,1006
18259.0,2338.6,3,714
12584.0,2338.15,9,416
18257.0,2337.63,8,1041
17954.0,2332.72,12,2234
15281.0,2332.15,9,1211
12782.0,2330.92,5,1086
15785.0,2328.97,5,1612
17313.0,2328.84,1,1402
17744.0,2322.4,6,3412
17211.0,2317.22,8,1323
14290.0,2314.65,5,915
15365.0,2314.32,7,1084
13994.0,2313.14,6,940
13704.0,2308.06,9,1531
15288.0,2306.52,5,775
16735.0,2300.56,5,1573
16550.0,2298.97,5,1540
15105.0,2298.93,7,1211
13115.0,2294.78,4,1567
15704.0,2293.62,4,1028
12615.0,2291.19,4,1376
13527.0,2287.51,7,1692
17696.0,2285.71,8,1756
12684.0,2283.63,7,1985
16782.0,2279.9,13,712
13317.0,2273.68,6,1035
17768.0,2273.18,3,1186
14466.0,2272.4,7,1006
13700.0,2265.12,10,2304
16057.0,2263.12,7,863
16209.0,2262.62,5,1179
14432.0,2255.51,6,2070
16293.0,2248.99,10,982
17442.0,2248.56,6,1496
15235.0,2247.51,12,1324
16771.0,2246.81,5,1489
15665.0,2242.01,2,1666
14211.0,2241.1,9,1242
16743.0,2238.09,7,2047
14560.0,2237.77,22,1260
14700.0,2235.3,3,1342
16076.0,2234.73,10,1435
15834.0,2233.75,4,965
18242.0,2232.49,4,1017
14226.0,2232.19,5,1308
14825.0,2226.91,12,991
17591.0,2225.97,7,1009
12783.0,2225.91,6,624
13365.0,2225.37,2,1247
15722.0,2222.56,5,1026
15811.0,2218.62,6,1071
12876.0,2218.02,2,1941
12653.0,2209.85,2,919
13862.0,2209.36,8,1688
15797.0,2207.4,4,873
15179.0,2206.95,5,1938
13831.0,2202.99,6,745
17406.0,2200.42,3,787
15123.0,2199.31,2,1195
16628.0,2188.05,5,1205
15394.0,2183.54,4,910
14341.0,2182.28,8,1403
12856.0,2179.93,6,1079
12909.0,2178.67,5,1280
12501.0,2169.39,1,1783
12633.0,2163.98,4,1162
13755.0,2161.35,9,1264
12935.0,2160.7,7,1853
16456.0,2158.37,5,1148
14407.0,2157.73,6,1415
16379.0,2157.4,4,1410
13224.0,2155.95,2,1518
16966.0,2154.97,7,1981
17272.0,2148.63,4,1778
14828.0,2139.76,3,2172
12560.0,2134.01,3,1110
17400.0,2129.96,5,1097
13517.0,2128.42,3,1369
14360.0,2128.23,4,1151
16407.0,2126.93,10,1124
14640.0,2125.08,6,886
15058.0,2124.99,11,1069
13632.0,2121.27,5,1037
18061.0,2119.41,10,955
18008.0,2116.19,9,1581
14691.0,2114.33,5,707
13265.0,2107.66,5,1752
18173.0,2106.84,4,1220
18093.0,2106.52,4,1392
14461.0,2103.06,3,766
14515.0,2102.09,6,1134
17861.0,2100.8,8,1988
15815.0,2100.6,5,1856
13126.0,2099.64,8,2143
12610.0,2099.54,5,1049
16875.0,2095.53,5,1069
17191.0,2095.13,7,1167
18283.0,2094.88,16,1397
14306.0,2093.32,2,1075
13571.0,2092.32,12,1759
17490.0,2092.32,7,1134
13297.0,2089.85,4,963
18044.0,2088.6,10,1033
14810.0,2087.88,11,1016
16954.0,2085.08,9,1054
18231.0,2083.27,5,821
14696.0,2078.95,7,1630
14209.0,2073.43,6,691
18241.0,2073.09,17,1051
18219.0,2069.77,10,885
14482.0,2068.15,6,1646
12948.0,2064.95,7,1080
12928.0,2062.7,5,1472
16281.0,2062.06,1,934
14409.0,2059.45,6,1230
12518.0,2056.89,5,1318
17667.0,2055.51,5,1033
14188.0,2054.36,6,1162
16150.0,2053.02,5,1047
17086.0,2050.08,6,1859
17612.0,2048.45,6,1808
14232.0,2048.07,5,1941
17625.0,2047.0,4,1198
13495.0,2044.87,5,829
17597.0,2044.37,1,1176
17090.0,2043.95,7,921
13450.0,2043.72,6,1982
14001.0,2043.08,3,962
12585.0,2040.1,2,1279
13593.0,2037.08,5,731
18069.0,2036.67,5,1311
17846.0,2033.1,1,1
13630.0,2031.78,7,1391
16409.0,2028.88,5,1306
17337.0,2027.87,4,1269
16358.0,2027.5,4,1302
14544.0,2024.45,2,1543
15341.0,2020.52,1,812
14506.0,2012.17,5,730
15531.0,2007.44,2,1105
15372.0,2007.4,1,2924
16098.0,2005.63,7,613
14730.0,2005.06,8,1132
14217.0,2004.98,17,689
14462.0,2004.02,11,964
17082.0,2003.85,2,1049
16754.0,2002.4,1,4280
15493.0,2001.8,5,560
18188.0,2001.04,3,1168
13305.0,2000.86,10,1232
16698.0,1998.0,2,840
17827.0,1995.46,5,1247
18204.0,1993.7,3,1200
17679.0,1992.11,2,729
17088.0,1991.01,4,868
13246.0,1987.3,6,1602
13590.0,1981.92,6,1848
13725.0,1980.56,8,806
17422.0,1979.37,6,2253
16341.0,1971.87,4,1398
17997.0,1970.67,8,2298
12674.0,1970.6,4,1133
17790.0,1965.55,14,836
17218.0,1960.72,10,958
15351.0,1960.11,7,753
14498.0,1957.32,5,1098
12853.0,1957.1,6,800
17554.0,1952.45,5,1763
14533.0,1949.72,7,4019
14653.0,1947.55,7,950
15814.0,1945.33,4,1271
15518.0,1942.45,8,1273
14418.0,1937.25,3,1711
14472.0,1936.84,8,1160
15864.0,1936.32,6,1192
15157.0,1936.07,3,2392
12528.0,1933.48,6,756
14655.0,1932.23,4,1089
14978.0,1931.42,5,525
16983.0,1931.25,7,1379
13094.0,1927.32,12,1716
16942.0,1920.59,9,811
15021.0,1914.82,9,847
17368.0,1912.67,8,1391
14285.0,1910.01,4,541
16426.0,1908.25,10,1243
17228.0,1906.09,8,1532
14210.0,1905.84,6,760
15819.0,1905.45,4,1357
14250.0,1904.05,3,1200
12762.0,1898.52,2,1227
17463.0,1896.41,5,1095
17870.0,1894.35,12,1401
14934.0,1890.94,2,1042
12371.0,1887.96,2,591
15641.0,1887.2,4,1562
16170.0,1885.05,6,1770
13890.0,1883.81,10,831
16128.0,1880.22,5,988
17738.0,1879.05,4,1029
15367.0,1877.59,4,1057
17293.0,1875.11,9,1140
16986.0,1873.2,2,1040
13982.0,1871.81,4,1136
16474.0,1871.5,7,943
17469.0,1870.97,5,787
16841.0,1869.82,6,2250
14524.0,1867.68,9,676
17787.0,1865.19,4,910
16201.0,1863.47,4,1286
14887.0,1862.0,1,1100
12423.0,1859.31,8,1339
17873.0,1859.16,5,1047
14305.0,1858.96,3,1089
12963.0,1856.63,8,881
16979.0,1852.0,6,865
13421.0,1851.08,2,1181
12383.0,1850.56,5,1532
12381.0,1845.31,5,808
17519.0,1844.02,6,1236
18180.0,1843.75,6,1721
12950.0,1843.0,3,1380
17015.0,1842.56,3,1981
16102.0,1842.14,3,942
16455.0,1841.18,7,988
14113.0,1840.42,4,745
14216.0,1839.3,4,594
13924.0,1838.85,6,1575
14459.0,1837.92,1,760
18287.0,1837.28,3,1586
13650.0,1836.34,6,922
15827.0,1836.09,14,882
13048.0,1835.91,4,1238
14665.0,1835.7,5,740
16152.0,1829.04,1,642
15203.0,1827.8,6,1753
18122.0,1826.21,6,1234
17702.0,1824.37,4,1353
16153.0,1824.23,5,1073
17705.0,1823.52,9,963
16169.0,1822.97,4,1325
17828.0,1820.09,4,667
17629.0,1814.12,8,1629
15260.0,1810.77,7,885
13481.0,1804.56,5,1142
17663.0,1802.91,7,797
15812.0,1801.14,5,922
16249.0,1800.07,5,950
13562.0,1799.33,3,757
13196.0,1797.78,4,1224
17750.0,1797.57,9,3957
17648.0,1797.5,4,487
12348.0,1797.24,4,2341
18235.0,1796.48,3,1578
13134.0,1793.58,4,1059
18179.0,1793.17,6,1360
13510.0,1791.56,4,1386
16719.0,1790.42,7,1204
12523.0,1789.77,11,865
14215.0,1789.72,6,1358
14621.0,1788.36,5,993
13875.0,1786.79,5,1316
14608.0,1785.15,4,437
14935.0,1784.71,1,935
15050.0,1782.09,3,1224
16380.0,1780.59,1,1524
15220.0,1778.96,6,1393
17092.0,1777.78,4,1131
12645.0,1775.18,4,1084
17754.0,1772.26,5,1869
15594.0,1771.78,5,983
15473.0,1771.2,7,672
17813.0,1770.88,5,790
14387.0,1770.56,3,819
16681.0,1770.34,6,1407
13456.0,1766.72,6,765
15950.0,1765.51,4,729
16751.0,1764.72,1,1031
12424.0,1760.96,2,740
12823.0,1759.5,5,230
12349.0,1757.55,1,631
15241.0,1756.44,8,1818
16359.0,1750.92,9,1183
13564.0,1749.02,3,661
13808.0,1747.66,5,782
15067.0,1744.76,3,954
13157.0,1741.22,4,1439
14595.0,1740.6,6,978
17930.0,1740.48,5,1594
17353.0,1740.0,2,1200
17457.0,1737.7,5,826
14673.0,1736.4,5,1004
17043.0,1735.18,4,998
16791.0,1721.78,7,763
17451.0,1721.4,7,1203
14834.0,1720.3,6,734
15267.0,1717.36,5,944
17162.0,1715.46,10,1001
13763.0,1714.96,1,728
17147.0,1714.59,4,882
14441.0,1712.89,4,446
12405.0,1710.39,1,857
15947.0,1708.24,1,898
12407.0,1708.12,5,1416
16902.0,1706.88,1,629
15240.0,1706.57,5,1369
16398.0,1705.8,2,758
17282.0,1703.41,3,1877
12843.0,1702.26,8,781
16007.0,1701.94,4,1393
13184.0,1701.29,10,1692
17193.0,1699.3,7,1254
13824.0,1698.94,5,768
16775.0,1695.66,11,440
12764.0,1693.88,1,386
14245.0,1693.45,2,976
15549.0,1693.26,3,698
16813.0,1692.98,10,1525
16671.0,1692.27,3,875
15380.0,1690.26,5,376
17152.0,1689.5,3,517
12635.0,1689.18,2,1172
13162.0,1688.29,4,1713
13577.0,1687.6,4,791
16638.0,1680.72,10,1255
13647.0,1678.12,4,895
13149.0,1676.06,4,1280
17656.0,1674.69,5,1399
16115.0,1667.97,8,1001
12912.0,1662.3,5,670
12530.0,1662.28,4,913
13012.0,1661.84,8,824
15214.0,1661.44,8,1254
15024.0,1661.33,10,920
15332.0,1661.06,4,652
12967.0,1660.9,2,438
14045.0,1659.75,4,535
15953.0,1659.38,8,892
15826.0,1654.31,3,963
14573.0,1653.42,9,544
17284.0,1652.58,6,1364
16711.0,1651.03,5,833
14837.0,1649.5,4,1436
13750.0,1647.26,5,516
12657.0,1643.18,4,1044
15002.0,1641.76,4,862
13627.0,1638.47,5,1269
12398.0,1635.66,1,1394
15122.0,1633.78,3,800
14164.0,1631.77,2,1033
17673.0,1629.12,6,1487
12377.0,1628.12,2,944
16515.0,1627.13,5,833
14759.0,1625.97,3,569
16987.0,1625.05,7,402
13425.0,1624.21,3,1123
15172.0,1624.05,5,1611
14937.0,1621.88,3,484
17101.0,1621.73,4,815
14178.0,1620.93,7,1505
16801.0,1619.73,4,499
18161.0,1618.69,5,812
14336.0,1614.91,4,1759
16992.0,1614.31,5,860
15791.0,1612.69,2,731
14312.0,1611.59,6,1012
13614.0,1610.46,4,570
14918.0,1610.15,2,675
12868.0,1607.06,6,928
16817.0,1604.75,9,822
12947.0,1603.99,6,1165
16466.0,1603.46,7,789
14719.0,1602.13,5,1032
14587.0,1601.14,9,761
15660.0,1600.86,9,1050
16496.0,1599.52,3,1111
13850.0,1595.48,1,944
17837.0,1593.38,8,518
16332.0,1593.2,7,801
16676.0,1592.12,4,636
14970.0,1592.06,4,250
15611.0,1591.45,13,504
18178.0,1590.81,4,983
14442.0,1589.82,2,482
12393.0,1582.6,4,816
15532.0,1580.93,4,521
12607.0,1579.51,1,1228
13814.0,1579.12,2,864
16889.0,1578.67,3,925
13186.0,1575.89,3,820
13634.0,1575.16,5,704
13659.0,1573.2,2,894
17671.0,1572.71,4,772
16283.0,1570.81,5,1236
12865.0,1568.23,2,925
15906.0,1567.69,7,544
15111.0,1567.48,3,710
17085.0,1566.65,5,786
17204.0,1564.56,4,646
18239.0,1561.61,5,795
14038.0,1560.38,3,965
16394.0,1555.34,5,2604
13313.0,1555.32,5,851
16369.0,1553.66,3,1035
15620.0,1553.18,3,915
15117.0,1551.78,5,1948
13320.0,1548.7,4,1096
14229.0,1547.2,3,610
14704.0,1546.91,9,1082
16790.0,1545.62,6,898
13397.0,1544.13,5,430
15701.0,1542.14,4,923
12818.0,1542.08,1,929
16365.0,1540.42,9,504
17159.0,1538.88,3,1111
13849.0,1537.95,2,1016
12877.0,1535.77,12,1178
15392.0,1535.53,4,1277
15625.0,1534.26,4,1188
13107.0,1531.62,4,1293
12759.0,1531.44,3,902
14321.0,1530.75,5,2406
14567.0,1530.36,2,412
15916.0,1528.09,8,757
16244.0,1522.75,2,855
16434.0,1522.25,7,767
16066.0,1521.87,5,936
13764.0,1521.76,3,932
13213.0,1520.58,5,1360
16880.0,1519.08,7,753
14267.0,1516.24,3,530
13791.0,1516.0,2,1200
16748.0,1515.9,5,880
16053.0,1511.95,2,1793
16910.0,1510.06,8,886
16279.0,1509.58,3,1054
16016.0,1508.76,8,620
15265.0,1506.12,2,612
12937.0,1504.27,4,1007
15530.0,1502.35,4,950
16762.0,1501.38,3,618
13810.0,1499.01,3,312
17571.0,1498.51,4,905
14414.0,1496.98,7,2512
16755.0,1496.83,3,1064
17002.0,1493.73,3,679
15057.0,1489.5,2,668
13110.0,1488.67,7,388
13692.0,1488.32,3,1226
14963.0,1487.8,5,1176
17553.0,1487.6,1,1048
16395.0,1486.9,5,1476
14878.0,1485.54,9,802
14758.0,1484.06,4,419
18016.0,1483.56,5,1029
15427.0,1483.14,3,1013
17590.0,1479.22,3,828
14403.0,1475.81,4,519
15983.0,1475.02,4,892
12826.0,1474.72,7,1058
14404.0,1474.32,6,839
14246.0,1474.06,3,804
15128.0,1471.0,4,1343
16348.0,1469.45,7,819
14875.0,1465.32,2,558
12882.0,1463.04,2,246
14233.0,1462.72,4,680
14541.0,1461.65,8,647
17063.0,1461.14,7,770
16059.0,1459.86,6,643
16996.0,1456.96,6,544
13309.0,1456.79,5,1544
13477.0,1454.58,6,1021
15987.0,1451.28,7,1556
14740.0,1448.21,3,735
15426.0,1447.39,5,674
14591.0,1447.14,4,1297
17073.0,1446.09,4,759
13717.0,1445.01,6,1959
13461.0,1445.0,3,1170
17175.0,1443.69,4,866
15478.0,1441.42,2,585
15858.0,1438.85,5,1167
14071.0,1438.82,8,995
13159.0,1437.85,4,1059
14566.0,1432.0,1,800
16503.0,1431.93,4,569
13475.0,1431.78,4,1012
16103.0,1429.64,6,558
16271.0,1429.24,5,1038
14035.0,1428.02,5,739
15681.0,1426.16,5,816
15106.0,1422.52,5,1181
16463.0,1422.4,4,1163
16571.0,1421.69,3,1239
14019.0,1421.61,3,1037
14901.0,1421.29,9,661
14443.0,1420.2,4,938
17288.0,1419.73,7,1203
16173.0,1418.32,6,575
15444.0,1418.26,2,764
17856.0,1418.03,4,842
18116.0,1418.03,8,848
14649.0,1417.29,4,1018
14748.0,1415.75,5,1223
16012.0,1415.29,3,799
16245.0,1413.66,3,1014
17004.0,1412.94,2,819
15237.0,1412.32,4,1071
15596.0,1406.59,5,561
17083.0,1405.78,3,772
15563.0,1400.44,4,1501
14741.0,1400.34,6,841
18202.0,1396.99,3,581
13995.0,1393.69,5,879
17354.0,1393.06,1,1006
15810.0,1391.98,4,861
15051.0,1391.61,3,1011
13414.0,1390.5,3,1574
13516.0,1389.41,3,985
15898.0,1388.88,5,570
16539.0,1388.81,4,477
15453.0,1388.37,7,845
15134.0,1387.99,8,887
12952.0,1387.79,4,653
17676.0,1387.68,6,932
12775.0,1386.04,5,877
13308.0,1385.51,3,843
18167.0,1384.86,3,382
17311.0,1384.85,2,1005
13572.0,1384.25,1,534
14507.0,1383.18,6,600
14116.0,1382.74,5,707
16389.0,1382.07,4,1242
16726.0,1382.02,5,977
17621.0,1379.9,3,514
12886.0,1378.4,2,770
15569.0,1375.71,5,666
16669.0,1374.87,3,888
14434.0,1372.8,6,368
15095.0,1370.6,4,1079
13813.0,1366.86,4,552
14897.0,1366.38,4,468
13396.0,1360.99,2,600
14102.0,1360.28,5,961
15411.0,1358.88,4,530
13232.0,1357.6,7,778
17054.0,1356.33,5,804
14064.0,1353.74,5,1788
14859.0,1353.74,4,671
15116.0,1352.75,4,648
16079.0,1352.0,3,864
16493.0,1351.63,4,1164
12770.0,1351.45,1,743
12646.0,1346.97,2,897
14154.0,1345.62,2,465
15398.0,1345.53,2,769
12463.0,1344.78,4,776
17372.0,1342.68,8,749
16317.0,1341.65,3,890
13743.0,1341.6,7,1776
18177.0,1341.42,6,710
16045.0,1340.7,4,897
13501.0,1340.32,1,560
15734.0,1339.45,2,346
12620.0,1339.41,3,1181
15059.0,1337.72,9,604
16110.0,1337.48,3,733
12919.0,1335.19,6,673
15680.0,1333.68,3,952
17932.0,1331.57,3,789
12676.0,1331.39,6,670
16295.0,1328.55,4,841
15146.0,1327.16,2,1473
17633.0,1324.84,4,644
12854.0,1324.5,3,627
17095.0,1324.16,3,618
16370.0,1320.56,4,647
14794.0,1319.91,7,673
13168.0,1319.19,4,682
16083.0,1317.62,2,908
12526.0,1316.66,3,632
14921.0,1316.07,2,953
12576.0,1315.83,5,967
14511.0,1314.81,5,784
16464.0,1314.68,3,963
14738.0,1314.45,7,601
14973.0,1314.45,3,369
16040.0,1313.55,3,684
12364.0,1313.1,4,1506
12516.0,1312.06,2,875
14856.0,1311.38,3,714
14477.0,1309.6,4,720
16120.0,1309.14,4,878
14047.0,1308.61,5,381
13328.0,1308.48,1,680
14297.0,1305.33,4,865
12507.0,1304.81,3,894
16744.0,1304.76,7,805
17919.0,1304.04,1,756
15813.0,1303.91,2,603
14898.0,1303.52,6,1020
15108.0,1300.25,4,499
15494.0,1299.23,2,1148
12488.0,1298.66,3,529
12372.0,1298.04,3,794
15602.0,1297.87,9,1137
17961.0,1296.44,39,560
16929.0,1295.39,7,929
16224.0,1295.3,4,1116
15621.0,1293.03,4,501
16101.0,1290.7,1,757
15171.0,1289.5,1,290
15136.0,1286.7,4,776
16949.0,1286.27,6,791
17350.0,1286.07,4,795
17802.0,1285.04,3,752
16899.0,1281.56,6,522
13878.0,1281.53,1,475
13538.0,1280.85,7,175
16951.0,1277.75,3,1318
16692.0,1276.0,2,152
17019.0,1272.61,4,827
12394.0,1272.48,2,819
12630.0,1270.88,2,548
14669.0,1269.99,3,775
13492.0,1269.84,3,408
13431.0,1269.1,2,672
14916.0,1268.98,4,1136
15199.0,1268.7,4,396
16660.0,1267.65,4,571
17037.0,1267.32,1,656
17158.0,1266.97,3,778
14105.0,1266.23,1,800
13989.0,1266.08,2,1313
16842.0,1264.19,3,693
15497.0,1262.2,2,624
15009.0,1261.78,3,642
16688.0,1260.86,4,804
17388.0,1259.56,4,1068
17412.0,1258.06,7,738
13151.0,1257.87,1,363
14931.0,1257.68,5,417
16639.0,1257.51,3,510
17481.0,1255.59,4,1061
13848.0,1255.0,3,3700
17262.0,1253.36,5,367
14698.0,1250.76,5,615
14383.0,1247.69,3,817
12689.0,1247.61,2,628
13029.0,1247.5,3,134
15004.0,1246.32,1,630
12494.0,1246.1,7,707
13860.0,1245.9,5,591
14428.0,1244.83,5,436
16531.0,1244.59,7,915
17584.0,1242.3,2,458
17588.0,1240.2,3,676
17731.0,1240.11,4,493
12985.0,1239.38,2,1533
13476.0,1238.47,2,417
14893.0,1237.85,2,799
13931.0,1237.53,2,725
15201.0,1236.54,5,1210
14684.0,1236.28,5,853
15376.0,1233.36,3,619
15910.0,1232.18,8,1015
18080.0,1231.5,2,642
18171.0,1231.31,5,481
14913.0,1227.43,4,1743
12997.0,1226.89,4,664
12412.0,1226.88,3,829
17774.0,1225.41,4,512
15841.0,1224.06,4,942
13208.0,1223.9,6,804
16794.0,1222.71,10,937
14745.0,1220.26,5,1038
15227.0,1219.4,5,750
13491.0,1215.82,10,903
17410.0,1214.72,5,616
13055.0,1214.41,3,894
18263.0,1213.16,3,1468
13918.0,1212.84,2,1140
16653.0,1212.66,2,733
12464.0,1212.05,8,112
17653.0,1207.56,4,1409
15737.0,1205.12,8,599
16800.0,1201.49,1,540
13158.0,1201.06,4,784
17320.0,1200.62,3,634
17800.0,1199.01,9,736
15605.0,1198.23,5,441
13118.0,1197.81,5,410
13211.0,1197.42,3,874
16042.0,1197.27,5,755
17867.0,1197.1,6,542
14487.0,1196.33,6,735
17720.0,1195.94,4,576
17526.0,1195.9,4,310
15145.0,1194.73,4,756
12611.0,1193.32,1,846
13882.0,1191.13,5,953
12462.0,1189.59,2,536
16612.0,1187.66,4,506
15630.0,1186.35,2,800
13752.0,1186.28,6,876
17058.0,1179.89,3,592
16950.0,1178.56,3,644
12885.0,1175.22,3,655
12640.0,1174.58,3,311
15306.0,1174.35,3,810
14857.0,1173.12,2,464
13611.0,1171.8,3,766
18168.0,1169.94,6,594
12358.0,1168.06,2,248
13500.0,1166.77,3,609
14737.0,1164.55,3,345
14261.0,1163.45,2,406
14447.0,1163.23,5,571
16714.0,1161.53,3,610
12546.0,1161.5,2,633
15088.0,1160.07,2,460
17348.0,1159.52,5,1401
13499.0,1159.11,5,1365
16184.0,1158.79,6,561
14723.0,1158.3,6,695
13744.0,1156.36,2,1249
16637.0,1154.47,4,927
16062.0,1153.62,4,800
12710.0,1149.02,3,851
17505.0,1145.84,2,556
16766.0,1145.6,2,536
12769.0,1143.6,1,356
17770.0,1143.27,5,365
18125.0,1142.99,4,804
15985.0,1142.42,2,1086
16270.0,1141.24,1,688
13330.0,1140.93,3,751
13819.0,1140.35,3,1109
16172.0,1140.21,5,787
17135.0,1139.73,7,1224
17500.0,1138.0,3,17
17302.0,1135.63,5,575
17242.0,1135.04,2,611
15489.0,1134.28,3,608
16989.0,1133.25,6,1233
17585.0,1133.07,4,1671
13282.0,1132.14,3,307
13772.0,1132.13,3,546
13310.0,1132.03,3,587
13610.0,1131.88,7,516
15500.0,1131.56,4,572
13447.0,1129.14,3,584
14824.0,1127.71,4,525
12609.0,1126.85,3,648
14708.0,1126.37,3,621
17470.0,1125.07,5,1675
14129.0,1123.86,5,592
15436.0,1122.53,3,613
13486.0,1122.41,3,669
17562.0,1122.38,7,817
16807.0,1121.59,3,778
16086.0,1121.39,5,511
15730.0,1120.88,3,689
17894.0,1119.81,8,405
14276.0,1119.74,3,744
13064.0,1119.49,4,516
12842.0,1118.99,2,547
15716.0,1118.81,4,744
17788.0,1117.9,2,211
13591.0,1117.13,3,485
14971.0,1116.57,3,644
16350.0,1116.47,4,545
12679.0,1113.02,4,554
17609.0,1112.22,5,723
16049.0,1111.79,3,793
14161.0,1110.52,3,455
14817.0,1110.34,2,655
15069.0,1109.53,1,520
12399.0,1108.65,4,1178
15933.0,1107.46,3,885
16833.0,1106.53,4,440
12857.0,1106.4,2,343
14410.0,1105.07,9,571
14948.0,1101.97,6,673
17047.0,1100.9,3,533
14744.0,1099.98,7,627
15978.0,1098.78,1,888
13104.0,1098.48,6,504
17966.0,1098.43,5,2571
16225.0,1096.32,5,493
16533.0,1095.56,3,612
13652.0,1095.08,3,578
15745.0,1094.59,4,421
15608.0,1093.68,4,714
13521.0,1093.65,3,736
18189.0,1090.24,2,566
13853.0,1090.14,1,312
12534.0,1089.18,1,651
15763.0,1086.92,2,271
13467.0,1083.71,2,584
17041.0,1081.57,3,951
14561.0,1080.76,3,1014
16200.0,1080.62,2,523
13726.0,1079.66,2,1054
15197.0,1079.61,3,469
12354.0,1079.4,1,530
13715.0,1079.34,5,563
16980.0,1078.96,2,788
14352.0,1078.96,4,538
16094.0,1078.23,4,647
16563.0,1077.74,1,486
13131.0,1073.3,3,447
15712.0,1072.36,5,486
15238.0,1071.99,3,692
13635.0,1071.03,1,677
17522.0,1070.71,5,1034
13761.0,1070.65,2,642
14212.0,1070.48,1,1152
17214.0,1069.12,6,276
16918.0,1068.82,6,721
15027.0,1066.15,4,565
17277.0,1065.35,2,430
14488.0,1064.28,1,799
17287.0,1064.11,7,559
12951.0,1064.07,6,503
15801.0,1063.95,3,570
12936.0,1063.9,4,559
12815.0,1063.46,2,379
14411.0,1063.0,1,196
16214.0,1062.75,3,420
15996.0,1060.68,6,384
15706.0,1060.56,4,321
17727.0,1060.25,1,645
18130.0,1059.39,3,824
14465.0,1058.62,3,405
13455.0,1058.34,2,354
14419.0,1058.06,6,487
15407.0,1056.44,4,558
14514.0,1055.35,3,589
15977.0,1054.73,2,1016
16728.0,1054.67,4,677
12716.0,1053.49,2,708
14583.0,1052.55,5,792
16416.0,1051.4,3,672
12849.0,1050.89,2,623
14224.0,1050.12,4,514
15329.0,1049.7,3,486
14078.0,1049.37,6,310
15464.0,1048.85,1,350
15839.0,1048.49,3,675
15777.0,1047.11,4,378
16520.0,1046.57,3,558
14293.0,1046.56,4,709
17042.0,1044.38,5,994
15192.0,1044.32,3,918
14389.0,1043.46,2,729
15073.0,1043.41,3,491
12497.0,1043.1,1,1236
14584.0,1042.26,4,383
13719.0,1041.68,5,609
18221.0,1041.61,5,791
15434.0,1041.48,5,647
14446.0,1039.58,4,933
16320.0,1038.46,2,732
16175.0,1037.59,4,533
12691.0,1035.8,6,394
16260.0,1035.45,1,311
13639.0,1033.34,1,800
17724.0,1033.0,3,300
12599.0,1032.58,7,956
17405.0,1031.41,3,726
12724.0,1031.41,4,445
13235.0,1031.07,1,441
12717.0,1030.98,2,506
13253.0,1030.4,2,1572
17033.0,1030.14,3,750
15333.0,1028.56,1,344
16682.0,1028.0,5,1040
15104.0,1027.44,2,637
13956.0,1026.42,5,491
16160.0,1025.44,2,1162
14904.0,1025.44,2,1985
15658.0,1024.1,5,242
17096.0,1022.13,4,339
14346.0,1021.58,2,605
13165.0,1021.48,2,1376
12572.0,1020.42,2,452
13376.0,1019.76,3,493
18142.0,1019.52,2,1276
12828.0,1018.71,6,494
14083.0,1018.43,9,732
12514.0,1017.68,1,440
13728.0,1016.14,6,458
13867.0,1015.29,3,513
12642.0,1013.26,3,552
12739.0,1013.04,2,486
17197.0,1013.01,1,191
14195.0,1012.0,2,760
14775.0,1011.9,3,1174
16229.0,1010.6,2,318
13032.0,1010.18,2,375
16572.0,1009.6,3,532
16174.0,1009.55,3,651
17951.0,1008.54,3,616
17646.0,1008.39,3,323
14631.0,1006.98,3,622
13429.0,1006.8,4,1390
17126.0,1004.75,5,792
14214.0,1004.38,5,751
13410.0,1003.06,5,518
12446.0,1002.31,1,351
12545.0,1000.39,2,523
15508.0,1000.27,6,440
18143.0,1000.16,2,570
12722.0,997.63,4,566
14540.0,996.26,3,421
15110.0,996.1,4,246
17594.0,993.18,2,550
16009.0,992.71,4,378
13363.0,992.5,2,710
14223.0,991.13,3,585
16232.0,990.88,4,550
17324.0,990.23,4,844
15062.0,987.86,4,763
18237.0,987.1,5,622
16376.0,987.01,2,694
13117.0,984.91,8,945
17144.0,984.57,2,483
12510.0,982.57,2,353
15133.0,982.42,3,680
14138.0,982.38,2,610
15071.0,982.07,2,269
16188.0,981.86,4,782
16907.0,981.65,5,298
16085.0,981.51,5,636
12541.0,981.18,3,680
18170.0,980.31,3,409
13509.0,979.72,7,1106
15506.0,979.26,3,848
13350.0,979.12,2,287
15132.0,977.93,5,679
14920.0,977.77,2,509
15860.0,977.21,8,440
13026.0,975.36,5,1620
14522.0,974.54,4,525
15449.0,974.52,3,812
12994.0,974.42,3,459
15747.0,974.04,3,480
18194.0,973.84,1,632
16419.0,972.23,6,436
13155.0,971.76,4,497
17100.0,971.74,2,800
17618.0,971.58,3,331
14256.0,969.06,2,414
15907.0,967.45,3,509
15793.0,965.61,3,553
12550.0,964.83,1,569
13138.0,962.39,6,473
14006.0,962.19,3,641
15156.0,961.49,3,597
14629.0,959.01,2,380
18192.0,957.97,1,339
13823.0,957.66,2,439
12697.0,957.59,3,508
15948.0,955.24,2,567
17244.0,954.9,1,616
17097.0,954.42,8,459
15835.0,954.09,4,439
16934.0,950.93,2,399
15421.0,950.36,4,500
16511.0,950.26,3,417
13636.0,949.12,5,592
12822.0,948.88,2,550
17044.0,948.48,1,504
13748.0,948.25,5,439
15787.0,948.05,3,540
12458.0,947.4,2,506
15707.0,945.58,4,605
17289.0,944.41,3,520
13261.0,944.1,2,210
12820.0,942.34,4,722
14075.0,942.26,3,754
15576.0,940.67,1,404
15289.0,939.78,3,1008
17527.0,939.37,4,488
17227.0,939.32,6,741
16584.0,936.08,2,646
14140.0,935.05,2,811
16027.0,934.62,6,1147
14081.0,934.52,2,596
12924.0,933.7,4,481
16657.0,933.62,4,1229
13655.0,932.97,2,605
14532.0,932.85,4,284
18133.0,931.5,1,1350
17552.0,930.41,4,719
14475.0,925.85,3,447
14231.0,925.71,3,409
17048.0,925.35,3,485
15312.0,924.85,4,516
13805.0,924.6,2,1900
15654.0,922.53,2,475
13122.0,922.39,2,585
16551.0,922.12,3,970
13934.0,922.1,1,390
13035.0,921.88,2,644
17323.0,921.07,7,776
13984.0,920.51,5,679
17018.0,920.1,2,176
12652.0,919.98,1,505
13075.0,919.61,1,485
13549.0,918.2,7,458
15253.0,918.2,5,866
14015.0,917.34,1,378
14712.0,917.07,3,315
17236.0,916.13,6,474
14141.0,915.13,4,355
16216.0,914.93,1,254
16809.0,914.69,5,652
15587.0,913.68,4,312
12940.0,913.54,2,411
15364.0,913.19,2,493
14359.0,912.18,3,371
13782.0,912.0,6,371
13192.0,911.94,2,595
14289.0,911.26,6,292
18096.0,911.15,3,825
13689.0,910.0,1,512
15511.0,909.23,5,271
13038.0,908.46,3,360
14449.0,907.1,4,757
15480.0,905.5,1,303
15022.0,905.04,4,543
15807.0,903.9,3,430
17566.0,901.21,2,518
16716.0,901.2,2,120
17848.0,901.2,9,398
14625.0,899.63,2,335
17886.0,899.61,3,481
13662.0,897.76,3,543
17537.0,897.62,2,700
16361.0,896.66,4,421
15079.0,895.61,4,389
15865.0,895.13,3,368
15211.0,894.41,2,240
15066.0,893.59,1,317
12772.0,892.47,1,556
13515.0,891.12,4,681
15255.0,890.85,1,489
14240.0,890.34,2,418
17027.0,890.29,6,421
14344.0,889.93,8,477
17007.0,889.93,6,597
14623.0,889.25,5,419
17829.0,889.24,1,496
16347.0,887.65,2,353
16900.0,887.11,3,833
15822.0,885.47,2,375
17704.0,885.19,2,343
17109.0,885.04,6,589
15799.0,884.14,3,955
14597.0,883.15,2,577
18236.0,882.24,6,403
13037.0,881.07,3,431
15076.0,880.85,1,571
15653.0,877.44,2,1200
14770.0,876.42,2,490
15100.0,876.0,3,80
13566.0,874.71,2,575
16513.0,874.59,4,407
13294.0,873.74,2,453
12847.0,871.54,1,909
15208.0,870.12,5,316
13200.0,870.09,4,516
13979.0,869.87,1,639
12694.0,869.67,2,509
13203.0,869.46,4,800
17649.0,868.49,1,399
14912.0,867.85,2,971
14715.0,867.38,4,521
16235.0,867.31,5,330
16121.0,867.11,2,586
14332.0,866.31,3,481
16567.0,865.6,2,996
13846.0,865.06,3,388
16221.0,864.86,3,717
12680.0,862.81,4,443
16266.0,861.89,7,398
12794.0,860.41,2,592
13339.0,860.12,1,326
14577.0,859.71,4,353
17064.0,859.35,3,318
14553.0,859.27,5,493
16163.0,856.6,2,192
13991.0,855.97,6,998
12693.0,855.91,4,255
16037.0,855.02,3,428
12878.0,854.99,2,547
17560.0,854.95,4,635
16877.0,853.72,6,463
14193.0,853.39,2,445
12379.0,852.24,2,407
16070.0,852.15,2,457
16020.0,851.01,3,487
12713.0,848.55,1,508
14657.0,848.22,4,466
13221.0,847.41,2,244
16924.0,846.75,3,493
16222.0,846.72,1,365
15965.0,845.64,4,453
14803.0,845.55,3,370
17624.0,843.48,2,554
15164.0,843.05,3,360
17929.0,843.0,4,108
13929.0,842.65,2,143
16108.0,842.5,1,615
16560.0,841.41,2,500
14862.0,841.2,2,772
17076.0,841.08,3,295
13940.0,839.14,4,516
17115.0,837.5,3,372
16554.0,837.1,3,402
15832.0,836.79,1,465
12728.0,836.33,4,419
16747.0,836.06,2,583
17169.0,835.78,2,526
17759.0,834.99,3,708
13835.0,834.57,4,442
17075.0,834.12,4,292
16644.0,833.78,2,826
15862.0,832.88,4,585
14644.0,830.76,2,258
13681.0,827.83,4,360
12461.0,826.88,2,287
12781.0,826.74,2,671
16494.0,826.53,1,675
17921.0,826.52,4,430
15525.0,825.92,3,416
12427.0,825.8,3,533
16869.0,825.42,4,585
16284.0,823.97,2,544
16164.0,822.48,3,433
12778.0,822.23,6,825
13893.0,821.1,1,190
13220.0,819.29,4,196
17764.0,818.82,2,395
16092.0,817.86,3,628
16943.0,816.73,3,145
15649.0,816.0,2,192
15399.0,815.77,3,611
14499.0,815.32,3,501
13280.0,814.86,3,522
16460.0,814.72,3,879
13811.0,814.5,3,68
18064.0,814.0,2,384
16600.0,813.52,6,1145
16621.0,813.48,4,302
14421.0,813.11,2,365
15644.0,813.0,4,557
17980.0,811.45,3,682
16276.0,810.6,1,420
16624.0,810.57,2,488
13637.0,810.5,3,409
16891.0,809.7,5,283
17114.0,808.62,8,219
15533.0,807.57,3,289
12421.0,807.04,4,484
15952.0,806.57,4,399
13707.0,806.41,2,351
12434.0,806.14,2,394
16367.0,804.49,2,647
18248.0,804.02,2,511
12422.0,803.56,3,370
15831.0,801.76,3,1105
18265.0,801.51,2,311
16806.0,801.49,4,378
15561.0,800.59,4,267
17905.0,800.24,4,407
13720.0,799.9,4,501
13030.0,799.48,2,394
17703.0,798.74,3,590
16438.0,798.35,5,463
13389.0,797.96,3,429
12701.0,797.71,2,678
17180.0,796.03,4,683
13336.0,795.12,1,559
15990.0,792.11,2,443
13167.0,791.33,4,785
14976.0,790.86,7,234
13016.0,789.89,3,527
16759.0,789.79,3,609
13329.0,789.0,2,463
14557.0,788.38,1,510
13212.0,788.08,3,310
13323.0,787.85,5,175
13884.0,787.6,5,300
16546.0,787.15,2,549
13109.0,786.54,2,520
12628.0,786.46,3,448
15806.0,784.58,3,602
15743.0,784.46,4,216
18136.0,784.33,3,379
17387.0,784.11,2,542
16054.0,783.9,1,380
17006.0,781.78,4,272
17341.0,781.36,3,489
15679.0,781.28,4,1170
13583.0,781.03,1,725
16725.0,781.02,7,294
15239.0,780.59,2,594
17797.0,780.43,3,498
18228.0,779.9,2,238
12735.0,779.57,2,368
17411.0,778.94,3,306
13375.0,778.65,1,442
14815.0,778.5,2,744
17414.0,778.0,2,2100
16505.0,777.6,1,576
13563.0,777.53,2,209
12425.0,777.2,1,496
15353.0,777.02,2,343
15618.0,776.85,4,454
13314.0,775.94,3,560
13341.0,775.85,1,301
14234.0,775.46,4,963
16825.0,775.18,2,566
15414.0,774.9,3,443
16043.0,773.99,4,503
15075.0,773.03,1,447
12965.0,771.91,1,283
17409.0,771.85,2,105
14662.0,771.17,4,602
16770.0,770.1,5,464
14412.0,770.03,2,786
16480.0,769.29,1,455
13356.0,768.24,1,325
17516.0,768.08,5,416
14550.0,765.62,2,394
14672.0,765.55,2,454
17695.0,765.34,2,779
14885.0,765.32,1,724
17268.0,763.64,4,844
17466.0,763.28,2,306
16470.0,762.39,4,531
15599.0,761.74,2,718
14883.0,761.59,6,790
16205.0,761.38,4,517
17425.0,759.17,2,407
16036.0,758.92,2,716
15568.0,758.29,3,461
12413.0,758.1,3,286
17979.0,757.71,4,397
17461.0,757.46,3,799
15223.0,755.75,2,213
13370.0,754.87,1,343
18104.0,754.64,1,362
13730.0,752.6,2,488
16256.0,752.43,1,581
12908.0,750.0,2,1200
17146.0,749.78,3,212
14923.0,749.1,1,418
15074.0,748.87,1,455
15656.0,748.5,4,343
16859.0,747.81,2,827
13623.0,747.78,5,294
14201.0,747.44,7,590
16261.0,746.83,4,306
14050.0,746.36,2,689
17034.0,745.52,3,410
13950.0,745.06,4,323
14790.0,745.06,4,699
13236.0,744.85,2,416
13354.0,743.53,1,604
16730.0,743.11,3,994
12374.0,742.93,1,342
12465.0,742.19,2,479
13753.0,741.26,1,512
13900.0,740.95,3,430
17692.0,740.94,4,672
17974.0,740.79,3,519
15252.0,740.78,2,522
12603.0,739.2,1,63
14756.0,738.96,1,416
12976.0,738.6,1,561
15045.0,735.66,2,114
15215.0,734.94,3,225
18156.0,734.94,2,301
16362.0,734.77,5,351
16146.0,734.13,3,427
17812.0,732.16,4,350
13575.0,732.07,5,449
13736.0,731.9,2,497
16099.0,731.9,3,434
16491.0,731.5,1,478
14778.0,730.86,2,306
18035.0,730.4,3,611
12468.0,729.54,2,366
13077.0,729.27,4,863
17666.0,728.16,2,596
17888.0,726.05,8,980
14869.0,725.7,2,550
14055.0,725.64,1,216
16140.0,725.18,2,730
15584.0,725.11,4,314
12723.0,725.07,5,434
15636.0,724.76,2,284
12475.0,723.38,1,535
17521.0,723.21,3,519
15272.0,721.94,2,310
18062.0,720.52,3,396
16023.0,719.81,3,358
14179.0,719.78,2,330
14725.0,718.08,1,593
17884.0,717.45,4,854
15274.0,716.57,2,619
12535.0,716.35,2,219
15400.0,716.2,5,390
17029.0,716.0,2,400
15330.0,714.96,2,1312
15757.0,714.42,2,491
12616.0,713.3,2,284
13169.0,712.88,2,272
13147.0,712.8,4,144
17761.0,712.78,1,398
13416.0,712.5,2,142
13587.0,712.4,1,180
17642.0,712.29,2,474
15855.0,712.24,5,470
13705.0,711.86,3,363
17179.0,711.79,3,290
13249.0,711.41,3,546
17472.0,710.29,3,462
14867.0,710.28,3,328
14127.0,709.71,3,321
16136.0,709.38,3,440
15951.0,708.22,2,313
16449.0,707.69,2,367
12453.0,707.09,1,473
16364.0,707.04,2,280
16309.0,706.57,2,467
14880.0,706.19,3,373
14126.0,706.13,3,508
15038.0,705.49,6,217
16015.0,705.39,3,909
16882.0,705.12,3,424
17934.0,704.25,2,478
12612.0,704.04,1,262
12883.0,703.47,4,196
18082.0,703.37,1,621
15103.0,703.36,2,329
15574.0,702.25,4,349
16997.0,702.0,3,360
14198.0,701.4,4,290
14356.0,701.23,2,277
17321.0,700.86,2,373
13238.0,700.73,4,298
17734.0,700.63,3,422
15800.0,699.08,2,335
13258.0,698.58,3,287
17423.0,698.41,2,459
17796.0,697.9,4,178
15053.0,697.79,3,986
14829.0,697.55,4,452
13596.0,697.04,2,406
15700.0,696.68,2,357
17397.0,696.41,2,254
14009.0,695.61,2,365
14959.0,695.42,4,494
15304.0,694.4,8,104
12925.0,694.05,2,541
14643.0,693.81,2,815
12410.0,693.33,2,211
13601.0,693.32,2,548
14111.0,692.85,4,458
17198.0,692.22,3,357
17733.0,692.19,2,463
13838.0,691.73,4,263
16212.0,690.34,2,244
18085.0,689.95,2,265
13023.0,689.9,2,286
15181.0,689.48,3,544
18196.0,689.13,2,433
17502.0,689.1,4,376
13799.0,688.86,2,402
16642.0,688.33,2,479
12658.0,686.05,1,320
16122.0,684.42,4,1128
16495.0,684.41,3,337
15669.0,684.34,4,342
12942.0,683.9,3,203
17874.0,683.46,6,221
14222.0,683.17,1,607
12838.0,683.13,2,359
15582.0,682.91,3,453
13548.0,682.41,2,441
18135.0,681.91,5,349
12478.0,680.99,1,236
13524.0,680.18,5,324
16872.0,680.02,3,600
15322.0,679.68,1,416
13430.0,679.45,2,751
14788.0,679.44,2,421
17994.0,678.49,4,497
13925.0,678.25,4,331
13607.0,678.01,1,290
13388.0,677.1,2,282
13040.0,676.99,2,355
16377.0,676.2,1,1500
15626.0,675.8,2,766
17462.0,675.69,2,227
13325.0,675.3,1,240
16418.0,675.27,3,288
13355.0,674.7,1,314
13464.0,674.68,1,403
17749.0,674.52,2,320
13951.0,674.45,3,459
14504.0,673.26,4,308
18121.0,673.1,2,450
14628.0,671.96,2,272
17883.0,671.77,4,379
12638.0,671.69,1,577
17299.0,669.11,4,678
12418.0,668.58,1,407
14342.0,668.56,4,347
13741.0,668.43,3,218
16383.0,668.36,2,475
15031.0,668.14,4,401
18022.0,668.11,1,736
16268.0,667.65,2,533
15969.0,666.1,3,124
17777.0,665.86,3,507
17105.0,665.78,2,693
16056.0,664.85,1,347
13963.0,664.54,4,460
16208.0,664.26,2,333
15643.0,664.0,3,246
14720.0,663.81,3,219
13240.0,663.65,4,298
16573.0,663.61,2,360
14451.0,662.59,2,389
16014.0,662.38,3,265
18218.0,662.08,2,584
16774.0,661.52,4,322
13028.0,661.32,2,798
14603.0,660.0,1,400
15492.0,659.46,2,483
13518.0,659.44,1,392
13759.0,659.41,2,287
16357.0,658.88,3,246
14150.0,658.64,2,496
17779.0,658.57,3,397
16696.0,657.9,4,146
14818.0,657.8,3,324
12577.0,657.8,3,472
15648.0,657.35,2,221
17459.0,657.3,2,537
15677.0,657.23,1,319
16157.0,656.69,3,347
13049.0,656.68,2,268
16708.0,656.63,1,285
16127.0,656.25,1,323
14894.0,655.75,1,265
16444.0,654.67,4,407
14651.0,654.6,2,344
17398.0,653.38,3,310
18151.0,653.35,2,355
13496.0,653.33,2,341
15205.0,653.24,2,378
14044.0,652.82,4,308
14548.0,652.8,2,256
17523.0,652.74,4,872
14034.0,651.82,3,423
16734.0,650.51,3,346
15571.0,650.43,4,264
16469.0,650.43,4,273
16969.0,650.41,3,816
17373.0,646.92,4,408
12589.0,646.68,2,306
15651.0,646.3,3,479
17545.0,645.96,3,341
14855.0,645.65,2,267
12719.0,644.95,2,374
17312.0,644.3,3,372
16431.0,642.81,3,453
14020.0,642.8,2,441
13034.0,642.77,2,369
15384.0,642.41,2,596
17046.0,642.02,1,510
15297.0,641.94,3,292
12365.0,641.38,2,174
12624.0,641.13,2,355
13417.0,640.83,2,162
13318.0,640.76,3,304
12631.0,640.5,1,236
14301.0,640.14,1,606
15919.0,639.89,2,545
17515.0,639.02,4,243
18160.0,638.06,2,294
14754.0,638.05,2,486
14664.0,637.89,2,466
14128.0,637.5,2,564
14481.0,636.51,2,489
15829.0,636.14,2,996
15773.0,635.68,1,311
14000.0,635.66,1,710
16139.0,635.41,3,330
17985.0,634.95,1,183
13892.0,632.97,4,983
14220.0,632.4,2,272
16306.0,632.27,6,487
18183.0,632.07,2,371
13822.0,632.0,2,611
14021.0,631.9,3,192
15244.0,631.57,2,405
13539.0,631.34,3,320
17990.0,630.84,3,414
13046.0,629.31,2,264
13525.0,628.78,2,394
14687.0,628.38,1,470
16022.0,628.28,1,261
15028.0,627.13,4,459
13546.0,626.99,3,359
15402.0,626.77,2,694
14036.0,626.65,1,268
13914.0,626.45,2,380
14382.0,626.07,1,1237
16750.0,623.93,5,214
16718.0,623.75,1,413
12649.0,623.51,3,586
15147.0,623.5,1,366
13368.0,623.4,2,327
15258.0,623.16,2,142
17499.0,622.88,1,711
15182.0,622.85,2,253
17460.0,622.43,6,236
15768.0,621.83,3,244
18217.0,621.75,2,491
16915.0,621.68,6,132
17640.0,621.66,1,250
14152.0,621.29,2,711
13402.0,621.23,2,479
16141.0,620.4,1,238
12667.0,620.13,1,395
14529.0,620.04,3,348
13493.0,618.63,2,380
16613.0,618.59,1,293
13145.0,618.52,4,145
12596.0,618.27,2,474
13301.0,618.09,4,345
16134.0,618.09,2,371
14593.0,617.99,3,332
14377.0,617.05,2,219
16442.0,616.79,3,446
16311.0,616.26,2,394
14905.0,616.15,2,287
16005.0,615.39,4,300
15275.0,615.14,1,498
16566.0,614.66,5,362
16116.0,612.78,1,248
12513.0,612.29,1,462
18149.0,612.08,3,310
15232.0,612.06,2,686
15645.0,612.01,1,256
16109.0,611.88,2,612
16763.0,611.85,1,319
13731.0,610.59,2,278
12673.0,610.52,2,351
15795.0,610.01,1,581
13357.0,609.95,1,322
14636.0,609.85,2,241
13933.0,608.79,2,205
12933.0,607.53,3,499
15573.0,607.45,2,363
17119.0,606.91,2,334
14710.0,606.13,4,378
17849.0,605.8,4,114
14133.0,605.64,3,348
13888.0,605.63,2,258
17507.0,605.58,2,359
13233.0,605.12,2,1004
14323.0,605.06,2,350
13558.0,605.06,4,344
14675.0,604.75,1,341
17664.0,604.64,2,604
12944.0,604.51,2,289
16732.0,603.75,1,317
12556.0,603.71,2,358
12707.0,603.42,1,256
17259.0,603.37,2,410
15366.0,602.51,2,621
17890.0,602.09,2,416
12654.0,601.98,5,264
14609.0,601.56,4,7026
16654.0,601.27,4,282
12420.0,600.39,1,345
18211.0,600.07,5,359
13243.0,600.07,1,233
12872.0,599.97,2,319
12521.0,599.68,1,309
14965.0,599.0,2,365
17420.0,598.83,3,265
14467.0,598.76,4,278
15720.0,598.73,1,281
13311.0,598.57,2,305
16298.0,598.2,3,198
13959.0,598.2,3,357
14108.0,597.91,2,381
17864.0,597.5,3,810
16788.0,597.48,2,311
14645.0,597.09,2,381
15381.0,596.85,2,171
18246.0,596.1,2,166
17658.0,595.42,2,616
14284.0,595.25,2,161
16325.0,594.24,3,194
12917.0,594.0,1,120
15442.0,594.0,1,120
16535.0,593.75,1,356
18232.0,592.97,4,302
16203.0,592.9,4,262
14692.0,591.55,4,265
13276.0,590.93,2,161
13270.0,590.0,1,200
13452.0,590.0,2,2
14882.0,589.7,2,158
18123.0,589.44,2,594
16723.0,589.15,2,399
16838.0,588.85,2,185
14338.0,588.22,2,335
15624.0,588.13,4,357
17351.0,587.15,3,113
17014.0,586.33,3,245
17360.0,585.79,3,335
12384.0,585.27,2,126
15222.0,585.0,1,440
16384.0,584.5,2,260
16072.0,584.32,1,140
14023.0,584.07,2,345
13557.0,584.06,2,546
15762.0,583.75,2,251
12426.0,582.73,1,258
13427.0,582.6,3,545
17970.0,582.59,1,525
12695.0,582.1,4,220
18095.0,580.05,2,419
16906.0,579.77,4,281
17142.0,579.0,1,81
13292.0,578.94,2,347
17540.0,578.9,2,194
12601.0,577.06,5,245
14176.0,576.9,4,209
16916.0,576.26,2,440
15830.0,576.0,1,415
15550.0,575.63,4,295
16345.0,575.41,1,289
13487.0,575.4,3,265
14167.0,574.84,4,150
14400.0,574.7,1,454
12784.0,574.42,2,300
15339.0,574.07,2,416
15303.0,574.02,1,248
12879.0,573.22,3,370
15415.0,572.81,1,575
13379.0,572.56,3,601
13405.0,572.45,3,165
12816.0,572.2,2,128
13816.0,571.67,2,269
17616.0,571.2,3,224
15821.0,570.96,2,202
15315.0,570.5,2,862
14592.0,570.46,3,415
16667.0,570.13,2,237
13939.0,568.55,3,847
13321.0,567.36,2,372
17897.0,566.6,3,229
18150.0,566.58,3,332
16278.0,566.38,1,114
13894.0,564.62,3,354
15344.0,563.94,3,116
16933.0,563.23,2,288
14753.0,563.15,1,211
17265.0,562.9,2,394
12414.0,562.41,3,300
12559.0,561.71,2,283
13946.0,561.57,3,443
15655.0,560.67,1,324
13044.0,560.47,1,429
14273.0,559.97,4,264
16275.0,559.87,1,336
18043.0,559.51,3,282
14177.0,559.41,4,205
12866.0,559.12,1,171
17503.0,558.96,2,486
12987.0,558.7,2,219
13800.0,558.32,1,331
13260.0,557.62,1,142
17955.0,557.3,4,273
17295.0,556.95,3,294
16385.0,555.89,3,261
14805.0,554.65,4,115
14891.0,554.38,2,505
14618.0,553.44,3,264
15068.0,553.36,2,364
12363.0,552.0,2,408
17674.0,551.04,2,672
17291.0,550.8,1,72
17235.0,550.06,2,224
12390.0,549.84,1,353
16340.0,549.07,1,501
16536.0,548.97,1,251
16031.0,548.94,2,423
14474.0,547.66,1,140
16811.0,547.07,2,477
17637.0,547.06,2,280
16211.0,547.02,1,154
17520.0,546.81,1,365
12743.0,546.43,2,319
14997.0,546.2,3,1120
17806.0,546.04,1,727
12793.0,545.48,2,295
16475.0,544.3,4,319
13617.0,544.18,3,300
13390.0,544.08,1,224
16927.0,543.05,3,993
13278.0,542.73,1,537
16230.0,542.03,2,365
17447.0,541.53,2,443
17557.0,541.46,3,306
13874.0,540.45,1,180
13812.0,539.0,3,333
14496.0,538.81,2,159
15452.0,538.73,3,283
15469.0,538.55,2,153
15539.0,538.46,1,410
17062.0,538.37,4,430
17345.0,537.74,4,346
14539.0,537.48,2,428
16206.0,537.06,4,272
15043.0,537.0,1,300
16804.0,536.99,3,246
16233.0,536.68,3,174
15535.0,536.4,4,143
16142.0,535.34,1,422
12988.0,535.32,1,136
13000.0,534.85,3,379
13385.0,534.57,1,281
13434.0,534.24,2,300
17443.0,534.24,1,504
13217.0,533.98,3,262
15433.0,533.3,2,534
15756.0,532.96,4,242
15825.0,532.94,1,220
16706.0,531.35,3,249
14265.0,530.18,2,330
18159.0,530.15,1,139
14002.0,529.73,2,877
14463.0,529.62,3,179
16185.0,529.41,2,260
17631.0,528.33,3,334
16602.0,528.08,1,336
12479.0,527.2,1,385
17623.0,527.05,1,265
18252.0,526.67,2,239
16892.0,525.54,5,239
17290.0,525.24,2,404
17429.0,524.92,3,624
15467.0,524.88,3,310
15891.0,524.52,1,442
13721.0,524.14,1,316
17329.0,523.11,2,142
18017.0,523.0,3,300
17712.0,522.91,1,215
14871.0,522.38,4,185
12863.0,521.2,1,188
15149.0,520.8,1,128
14873.0,519.68,1,168
12571.0,519.61,2,523
13643.0,519.44,3,273
16955.0,518.67,4,266
16650.0,518.42,1,372
15030.0,518.28,2,372
16135.0,517.55,1,209
17454.0,517.53,4,243
18205.0,517.36,2,192
13043.0,516.42,1,254
15882.0,516.36,4,276
15809.0,515.77,5,301
12811.0,514.85,3,230
15246.0,514.15,2,247
13005.0,513.7,2,172
17513.0,513.2,1,254
17805.0,512.31,1,478
17480.0,511.82,1,338
12582.0,511.36,2,300
14851.0,511.35,2,325
16561.0,511.12,2,244
15406.0,510.71,2,254
12904.0,509.58,2,302
12436.0,509.01,1,211
16898.0,508.81,3,419
17391.0,508.8,2,480
15417.0,508.8,1,284
14317.0,508.58,1,255
17958.0,508.46,1,84
17415.0,507.84,1,114
14158.0,507.66,1,781
14820.0,507.29,4,253
15721.0,507.08,1,409
16960.0,507.05,3,304
13885.0,506.8,2,182
16614.0,506.19,1,223
14014.0,505.18,1,1076
15081.0,504.8,5,190
12991.0,503.76,2,405
17630.0,503.6,2,158
16863.0,502.8,2,409
15006.0,502.09,1,302
13865.0,501.56,4,204
15881.0,501.39,5,260
13116.0,501.14,1,291
13247.0,501.12,4,328
16616.0,500.42,2,370
15389.0,500.0,1,400
14958.0,499.68,3,129
14077.0,499.42,5,268
15193.0,499.32,1,144
14681.0,498.95,3,76
16488.0,498.8,3,728
15142.0,498.74,1,365
17053.0,498.48,1,122
17298.0,498.42,2,387
16820.0,497.61,1,307
17495.0,497.56,2,229
16368.0,497.43,2,260
15300.0,496.44,1,292
15018.0,496.21,3,189
17374.0,495.77,2,85
15448.0,494.64,1,232
16352.0,494.44,2,300
17333.0,494.25,1,375
12763.0,494.08,2,316
15877.0,493.28,2,371
13176.0,492.84,1,453
14270.0,492.65,1,197
15507.0,492.36,1,162
13732.0,491.86,1,498
14236.0,490.86,2,310
15000.0,490.52,1,218
14416.0,490.22,2,326
18074.0,489.6,1,190
12809.0,489.31,1,220
17361.0,488.2,3,157
14396.0,487.99,2,225
15165.0,487.75,1,160
16643.0,487.51,1,269
13338.0,487.02,1,256
13675.0,486.82,2,330
17453.0,486.72,2,219
15287.0,486.69,2,433
13153.0,486.22,1,418
12639.0,486.1,1,201
15109.0,484.95,1,131
16999.0,484.82,2,294
16504.0,484.38,1,524
16518.0,484.32,2,327
14130.0,483.86,1,258
13531.0,483.8,2,174
12808.0,483.65,3,188
14147.0,483.4,2,108
17555.0,483.26,2,349
14450.0,483.25,3,241
16603.0,482.47,2,480
17950.0,482.2,3,366
12504.0,482.05,2,90
16693.0,482.01,2,204
18216.0,481.75,1,200
15091.0,480.71,1,346
16812.0,479.35,1,81
16008.0,478.78,3,323
15589.0,478.53,3,243
16768.0,478.09,3,196
12644.0,477.91,1,325
13092.0,477.83,5,279
14320.0,477.79,2,325
12447.0,476.49,1,190
18176.0,476.35,1,283
14853.0,475.8,2,82
14497.0,475.37,1,235
15780.0,475.28,3,220
15349.0,473.81,2,327
15557.0,473.65,1,219
16374.0,473.03,2,240
14013.0,473.02,3,462
16038.0,471.78,3,244
17964.0,471.7,2,301
16885.0,471.51,3,184
13066.0,470.8,2,322
15963.0,470.76,2,298
14431.0,470.36,1,130
15471.0,469.48,1,266
15026.0,469.0,3,285
14896.0,468.77,2,279
13171.0,468.41,3,229
14335.0,468.26,2,379
14029.0,467.66,2,198
15468.0,467.51,2,155
13579.0,467.04,2,176
14205.0,466.7,2,204
13248.0,465.68,2,305
15036.0,465.55,3,327
17140.0,465.32,1,302
16742.0,464.9,1,1
13928.0,464.57,4,129
16586.0,463.95,1,95
14967.0,463.8,1,140
12787.0,463.66,3,261
17418.0,463.46,2,289
14489.0,463.38,1,299
12945.0,462.95,1,165
14331.0,462.66,2,252
14470.0,461.19,2,193
12391.0,460.89,1,300
16824.0,460.64,2,236
16805.0,460.59,2,539
12491.0,460.4,1,260
12355.0,459.4,1,240
16589.0,459.24,3,368
17880.0,458.92,1,314
15754.0,458.57,3,199
13506.0,458.52,2,324
17392.0,457.91,2,320
15092.0,457.81,2,135
15121.0,457.72,2,199
12375.0,457.5,2,178
13398.0,457.34,1,281
12564.0,456.9,1,133
12999.0,455.88,3,342
14513.0,455.59,3,361
15585.0,455.3,1,320
16529.0,455.25,1,198
13485.0,454.24,1,277
15475.0,454.11,1,319
17564.0,454.01,3,146
18158.0,453.4,2,354
12729.0,453.01,1,233
18071.0,453.0,2,260
14184.0,452.89,1,127
12591.0,452.85,1,228
12970.0,452.24,4,310
16574.0,451.44,1,416
15802.0,451.42,1,1
14173.0,450.84,4,150
17040.0,449.73,1,181
13489.0,449.52,4,560
12448.0,449.45,1,243
15739.0,449.12,1,472
17579.0,448.9,3,258
14780.0,447.68,2,310
15646.0,447.64,3,394
15456.0,447.22,3,660
15368.0,446.94,1,230
15889.0,446.87,2,215
14149.0,446.62,1,218
17370.0,446.18,4,540
17190.0,444.74,2,161
18006.0,444.68,1,220
14638.0,443.6,1,166
16404.0,443.05,1,157
18222.0,443.0,1,335
14093.0,442.85,1,406
12579.0,440.42,1,285
14022.0,440.0,1,487
18233.0,440.0,1,4
15524.0,440.0,1,4
13954.0,439.92,2,150
16025.0,439.66,1,338
13359.0,439.56,1,161
16968.0,439.43,2,326
13358.0,439.03,1,285
14272.0,437.96,2,599
12552.0,437.82,2,88
16034.0,437.7,3,242
12592.0,437.6,2,290
15553.0,437.23,1,451
16084.0,436.18,1,216
15551.0,436.06,1,218
16948.0,435.02,3,1614
14910.0,434.35,4,238
14460.0,434.34,3,881
12493.0,433.74,2,207
17035.0,433.53,2,229
14157.0,432.88,2,284
16236.0,432.2,1,184
16881.0,432.0,1,600
15976.0,430.94,2,277
18106.0,430.7,1,128
12452.0,430.57,2,185
13245.0,430.5,1,125
12795.0,430.48,1,68
12827.0,430.15,3,197
14998.0,429.87,2,270
16884.0,429.84,2,320
15450.0,429.84,1,376
15230.0,429.6,2,351
13602.0,428.89,1,267
15957.0,428.89,1,211
16324.0,428.68,3,282
17869.0,428.18,5,111
15360.0,427.93,1,223
12725.0,427.8,1,164
12403.0,427.7,1,96
12740.0,427.6,1,342
12802.0,427.58,1,314
15994.0,427.07,1,177
17223.0,426.79,2,112
15930.0,426.63,1,139
14288.0,426.6,1,188
15639.0,425.32,1,323
16780.0,425.19,2,271
17134.0,425.0,2,102
17371.0,423.89,3,152
13140.0,423.72,3,186
16119.0,423.36,2,240
15012.0,423.04,2,231
18034.0,422.88,2,561
17525.0,422.7,1,82
13473.0,422.64,2,266
16689.0,422.6,2,330
18240.0,422.58,1,126
17232.0,421.52,2,203
14757.0,420.5,1,160
15206.0,420.3,4,162
14124.0,419.58,1,1618
15361.0,418.92,1,336
15967.0,418.83,2,211
12593.0,418.1,3,206
17701.0,417.95,1,109
16629.0,417.73,2,493
13615.0,417.69,1,189
16737.0,417.6,1,288
12833.0,417.38,1,156
18001.0,417.23,2,363
13166.0,417.2,1,216
16816.0,417.06,4,274
13889.0,416.9,1,146
15935.0,416.86,2,115
16957.0,416.64,2,172
13085.0,416.08,2,216
15803.0,415.82,1,290
14139.0,415.82,1,510
12930.0,415.8,2,252
12580.0,415.7,1,238
15725.0,415.25,1,221
14333.0,415.2,1,58
16795.0,414.88,1,239
12993.0,414.76,4,240
16239.0,414.2,2,228
17483.0,414.04,3,191
17052.0,413.75,1,261
13974.0,413.59,1,249
16834.0,413.46,1,358
14620.0,412.78,2,214
13827.0,412.05,3,141
15523.0,412.01,1,132
16272.0,411.7,1,224
17913.0,411.6,2,289
14670.0,411.53,2,337
15186.0,411.41,2,215
15099.0,410.48,1,343
15695.0,409.98,2,212
14048.0,409.93,1,288
14348.0,409.57,1,183
12990.0,409.5,3,200
15225.0,409.4,1,226
16243.0,409.1,2,110
16018.0,408.9,2,190
15269.0,408.8,1,26
16399.0,408.57,2,264
17931.0,408.36,2,249
16010.0,407.5,3,210
15184.0,406.76,2,223
15127.0,406.53,1,251
16947.0,406.48,1,312
15342.0,406.09,1,283
14616.0,406.08,3,104
16204.0,405.71,1,231
18036.0,405.62,3,234
12922.0,405.38,1,370
17379.0,404.66,1,663
15938.0,404.58,5,240
16319.0,404.4,1,72
16484.0,404.3,2,200
12498.0,403.7,3,159
17431.0,403.3,1,292
15221.0,403.25,1,43
12386.0,401.9,2,354
15158.0,401.4,1,198
16500.0,400.86,6,123
16198.0,400.68,1,129
12792.0,400.54,1,217
17375.0,400.1,3,367
18164.0,399.65,1,184
13255.0,399.51,2,177
18154.0,399.19,2,255
15522.0,398.84,2,573
17830.0,398.7,3,92
12508.0,398.27,2,272
13352.0,397.98,1,321
15429.0,397.35,2,380
17926.0,397.29,2,306
12824.0,397.12,1,232
13594.0,396.97,1,359
13673.0,396.92,2,119
17486.0,396.87,1,191
15883.0,396.48,2,223
18067.0,396.33,1,189
16354.0,395.8,2,150
17603.0,394.72,1,74
14619.0,394.44,1,152
16207.0,394.38,1,140
15386.0,394.14,1,446
15264.0,393.74,1,265
15345.0,393.54,1,81
17226.0,393.49,1,406
14600.0,393.33,1,125
15837.0,391.98,1,189
16917.0,391.52,1,232
12982.0,390.54,1,288
17614.0,390.07,1,238
17936.0,389.84,1,262
18024.0,389.78,2,184
14752.0,389.64,1,260
13873.0,389.6,3,140
13345.0,389.5,1,141
16250.0,389.44,2,208
15847.0,389.27,2,449
12690.0,389.01,1,106
17595.0,388.79,2,229
15592.0,388.58,1,354
13899.0,388.52,2,156
13856.0,388.5,3,494
17438.0,388.45,1,103
16776.0,388.28,1,262
14538.0,388.25,2,155
17357.0,388.14,2,153
17817.0,387.68,3,67
14420.0,387.52,1,334
17508.0,387.31,1,289
14114.0,386.53,2,101
15664.0,386.43,1,157
14779.0,386.15,3,84
13821.0,385.64,2,153
17711.0,385.1,2,246
13919.0,384.81,2,474
13833.0,384.8,1,118
17250.0,384.52,2,168
17189.0,384.4,2,227
17205.0,384.08,1,884
16982.0,384.06,1,182
15048.0,384.05,4,195
12733.0,383.95,1,137
12515.0,383.7,1,131
15440.0,383.68,3,197
14304.0,383.45,1,139
15424.0,383.34,2,554
12832.0,383.03,2,195
13817.0,382.98,2,211
18181.0,382.8,1,146
17239.0,382.5,1,150
13657.0,382.14,2,209
17999.0,382.06,2,221
15090.0,381.32,1,208
16441.0,381.2,2,173
12871.0,380.64,2,200
17573.0,380.6,3,308
16930.0,380.55,3,341
17138.0,380.5,1,126
12890.0,380.47,1,259
16769.0,380.39,1,83
17031.0,380.35,2,235
14731.0,380.02,3,256
14594.0,379.83,2,185
16552.0,379.73,2,219
13589.0,379.65,2,114
13656.0,379.65,2,490
17878.0,379.45,1,401
15885.0,379.35,3,111
16909.0,379.14,1,436
13372.0,378.64,1,159
17078.0,378.2,2,788
17736.0,377.44,3,238
15025.0,377.01,1,189
17489.0,376.64,2,428
13936.0,376.58,1,330
16858.0,375.69,1,91
14448.0,375.35,2,104
14079.0,375.1,1,301
16147.0,375.0,1,246
14067.0,374.7,2,361
17492.0,374.57,1,155
12873.0,374.0,1,128
13351.0,373.94,1,117
13569.0,373.75,2,164
16321.0,373.65,5,135
16903.0,373.24,1,262
12895.0,372.8,2,210
12544.0,372.7,1,136
12981.0,372.22,2,242
16065.0,372.09,1,231
13300.0,371.89,1,203
17765.0,371.88,3,144
14690.0,371.7,2,170
18155.0,371.62,3,266
15472.0,371.56,1,251
14950.0,371.2,1,136
15975.0,371.01,1,243
15063.0,370.8,1,56
16343.0,370.48,2,195
15922.0,369.5,1,138
16758.0,369.34,1,203
14888.0,369.2,1,184
16372.0,367.93,2,166
17911.0,366.23,1,223
17358.0,365.85,2,202
17432.0,365.76,2,207
16499.0,365.45,2,127
16202.0,365.27,1,191
14886.0,364.8,1,160
15949.0,364.72,2,284
12373.0,364.6,1,197
15343.0,364.5,1,84
14528.0,364.22,1,278
12538.0,363.95,1,191
17330.0,363.9,2,120
15901.0,363.88,3,384
14171.0,363.79,1,167
16509.0,363.7,1,64
16485.0,363.65,1,235
12915.0,363.65,2,93
18056.0,363.65,1,211
14932.0,363.53,1,80
14427.0,363.34,2,228
16378.0,362.95,3,267
16052.0,362.06,1,282
13844.0,361.62,1,196
16305.0,361.22,1,256
13291.0,361.11,1,233
15872.0,360.93,2,212
16595.0,360.16,1,335
13780.0,360.01,2,318
13298.0,360.0,1,96
15120.0,358.82,1,296
17948.0,358.56,1,144
16823.0,358.38,1,136
13228.0,358.0,1,200
13976.0,357.98,1,154
16274.0,357.95,1,155
17025.0,357.77,3,235
16971.0,357.21,1,72
18040.0,357.2,2,148
13453.0,356.98,2,134
14500.0,356.85,3,117
15713.0,356.7,2,150
15247.0,356.0,1,160
14537.0,355.56,1,120
15840.0,355.56,2,396
12617.0,355.53,1,213
17742.0,355.11,2,89
13642.0,354.8,1,173
17222.0,354.15,1,128
12888.0,354.12,2,76
15870.0,354.09,1,335
12845.0,354.09,4,204
12715.0,353.86,1,197
17252.0,353.86,2,193
13173.0,353.65,2,277
13210.0,353.48,1,316
13343.0,353.43,1,135
14804.0,353.27,1,121
17976.0,353.19,1,106
15678.0,352.7,1,184
18112.0,352.69,2,255
15334.0,351.67,3,274
12566.0,351.65,1,265
15789.0,351.3,1,438
13923.0,351.13,1,185
15900.0,351.11,1,221
13332.0,350.9,1,179
13740.0,350.75,1,425
17835.0,350.64,3,348
17795.0,350.39,2,341
13108.0,350.06,1,298
12532.0,349.83,1,153
13670.0,349.7,1,282
13887.0,349.55,1,147
18250.0,349.27,1,199
15405.0,349.1,1,193
13927.0,348.99,1,214
13790.0,348.8,1,748
18127.0,348.73,3,188
12527.0,348.71,3,234
15579.0,348.6,2,120
16159.0,348.2,1,236
13052.0,348.15,1,222
14379.0,348.1,2,292
13497.0,348.05,2,163
17668.0,347.75,2,93
13062.0,346.98,1,343
13649.0,346.6,2,139
16423.0,346.12,1,230
13091.0,345.82,1,466
15781.0,345.46,3,180
17123.0,345.3,1,246
13774.0,345.0,1,192
14633.0,344.9,1,96
16978.0,344.33,1,166
17569.0,344.14,1,159
13068.0,344.0,2,200
15047.0,343.62,1,222
15520.0,343.5,1,314
18081.0,343.45,3,195
15880.0,343.28,1,211
12875.0,343.23,2,2019
17201.0,342.63,1,268
16851.0,342.45,3,271
16826.0,341.7,1,158
13347.0,341.36,1,205
17917.0,341.28,3,187
14491.0,340.93,2,139
12519.0,340.84,1,183
15115.0,340.11,1,157
13737.0,339.6,1,125
17045.0,339.44,3,106
16545.0,339.3,1,78
17697.0,338.95,1,93
17839.0,338.8,1,285
16183.0,338.71,1,113
15652.0,337.74,1,208
15942.0,337.44,1,232
13930.0,337.34,2,274
17973.0,337.04,1,176
16105.0,336.96,1,330
17914.0,336.43,1,473
15619.0,336.4,1,136
17384.0,336.4,2,88
14954.0,336.17,1,127
18078.0,336.13,2,145
15921.0,336.03,1,166
18276.0,335.86,1,186
14196.0,335.52,1,142
16063.0,335.32,1,262
17221.0,335.13,2,288
12489.0,334.93,1,105
14988.0,334.54,1,141
15466.0,334.53,1,246
12350.0,334.4,1,197
15918.0,334.23,2,153
14264.0,333.97,2,70
13216.0,333.74,1,297
13727.0,333.48,2,162
16625.0,333.08,1,164
14902.0,332.66,1,218
13904.0,332.64,2,332
16850.0,332.41,1,249
16803.0,332.3,1,245
16177.0,331.95,1,95
16030.0,331.24,1,283
15210.0,331.18,1,228
12891.0,331.0,3,950
16478.0,331.0,3,224
17862.0,330.9,1,100
15714.0,330.88,2,187
13706.0,330.79,1,189
14517.0,330.45,2,91
15130.0,330.11,1,197
16593.0,330.03,3,116
12953.0,329.85,1,84
14716.0,329.68,2,604
17866.0,329.65,1,174
17615.0,329.6,3,140
13239.0,329.56,1,327
17154.0,329.34,1,490
15153.0,329.25,1,198
14012.0,328.8,1,160
16855.0,328.4,2,164
15213.0,328.35,2,272
14747.0,328.2,1,84
14206.0,328.16,1,276
16318.0,328.15,1,199
15314.0,327.97,1,313
14024.0,327.7,2,150
16366.0,327.3,1,256
14870.0,327.25,1,119
16322.0,326.75,2,231
17715.0,326.4,1,384
14987.0,326.4,2,128
16071.0,326.24,1,180
15363.0,326.0,1,144
12844.0,325.96,2,125
16830.0,325.91,1,264
14850.0,325.75,1,293
15944.0,325.1,1,50
12790.0,324.92,1,166
13801.0,324.8,1,168
15597.0,324.57,1,279
18261.0,324.24,2,146
16685.0,324.24,2,396
14555.0,324.14,2,130
15675.0,323.69,3,527
17793.0,323.04,1,232
16739.0,323.0,1,172
13955.0,322.96,2,154
16627.0,322.8,1,162
16342.0,322.41,4,157
14424.0,322.08,1,48
15224.0,322.08,2,152
14484.0,321.92,1,210
14823.0,321.43,3,88
15236.0,321.05,1,269
18117.0,320.72,1,618
16096.0,320.62,1,155
14622.0,320.58,1,146
13986.0,320.46,1,430
16674.0,319.61,2,188
15107.0,319.5,6,169
16967.0,319.02,1,333
17157.0,319.0,2,172
17229.0,318.76,2,185
17248.0,318.65,1,213
14703.0,318.17,1,183
12648.0,318.05,1,160
18066.0,318.0,1,108
17172.0,317.76,1,480
17267.0,317.62,2,159
15101.0,317.53,2,241
16386.0,317.2,2,224
15257.0,317.15,1,46
15385.0,316.88,1,161
15243.0,316.68,1,185
16761.0,316.62,1,341
15204.0,316.58,1,258
17458.0,316.5,1,170
13494.0,316.26,1,162
14479.0,316.25,2,117
16473.0,316.11,3,196
12614.0,315.6,1,76
15766.0,315.06,1,170
16091.0,315.06,2,154
17237.0,314.69,2,105
16193.0,314.45,1,219
12650.0,314.44,1,254
16227.0,314.22,1,90
15970.0,314.1,1,116
13484.0,313.8,1,44
16582.0,313.62,1,164
14729.0,313.49,1,197
13845.0,312.98,1,182
15318.0,312.62,1,642
12834.0,312.38,1,110
17362.0,312.23,2,191
17070.0,312.14,1,133
12785.0,311.95,1,131
16450.0,311.92,1,200
14142.0,311.81,1,313
15326.0,311.71,1,386
14951.0,311.69,1,311
14327.0,311.65,1,139
12852.0,311.55,1,149
13990.0,311.3,1,190
17854.0,311.26,2,84
16781.0,311.25,1,113
13897.0,311.16,1,200
17912.0,311.01,5,185
17266.0,310.64,3,161
15185.0,310.62,1,666
15308.0,310.47,1,175
14311.0,310.26,1,146
14924.0,310.05,1,64
15661.0,309.8,2,236
15699.0,309.65,1,113
16810.0,309.54,1,114
14339.0,309.52,1,168
14847.0,309.4,1,120
17604.0,309.36,2,169
12884.0,309.05,1,43
13787.0,309.04,2,337
15010.0,308.94,1,184
16956.0,308.74,1,114
13699.0,308.58,1,66
17510.0,308.48,1,214
13369.0,308.28,1,149
13466.0,307.9,1,259
15973.0,307.82,1,106
16123.0,307.78,1,170
13529.0,307.76,2,74
13395.0,307.72,1,336
13060.0,307.53,1,123
14915.0,307.48,2,112
17120.0,307.46,1,120
13932.0,307.4,1,72
13142.0,307.09,1,258
17334.0,307.02,2,315
15087.0,306.94,1,470
17551.0,306.84,1,150
13762.0,306.72,1,272
16668.0,306.72,6,318
13718.0,306.55,2,173
18059.0,306.46,3,258
15659.0,306.45,1,111
17176.0,306.13,1,170
13863.0,305.78,1,224
15219.0,305.75,1,45
16796.0,305.62,1,186
16181.0,305.54,1,152
18220.0,305.28,1,288
13045.0,305.28,1,221
12623.0,305.1,1,191
13667.0,305.02,1,154
17941.0,304.56,1,252
15163.0,304.47,2,186
18185.0,304.25,1,183
16217.0,304.25,2,91
17732.0,303.97,1,93
16400.0,303.93,1,172
13083.0,303.75,2,187
17433.0,303.16,1,185
15060.0,303.09,4,263
16425.0,302.7,1,199
14248.0,302.58,1,102
18165.0,302.46,1,254
16104.0,302.36,1,123
16292.0,302.25,1,191
17506.0,302.2,1,139
15054.0,302.1,2,198
17094.0,302.0,1,152
16297.0,301.9,1,206
16715.0,301.72,1,642
15667.0,301.32,1,240
15148.0,301.29,1,187
15623.0,301.03,1,125
13479.0,300.95,2,134
17978.0,300.92,1,499
16430.0,300.85,1,103
16479.0,300.83,2,102
14762.0,300.52,1,341
13304.0,300.42,1,238
15254.0,300.36,1,275
13745.0,300.04,1,496
18053.0,300.02,1,302
16402.0,299.6,2,149
18215.0,299.34,1,118
17124.0,298.89,1,130
15609.0,298.48,1,148
17255.0,298.41,2,232
17824.0,298.4,1,408
17678.0,298.11,1,207
12881.0,298.0,1,21
15857.0,297.0,1,308
13708.0,296.88,1,306
14985.0,296.75,2,260
17531.0,296.7,1,136
13441.0,296.64,1,204
15154.0,296.42,1,104
13751.0,296.25,1,152
13504.0,295.93,1,178
16998.0,295.0,4,76
13573.0,294.4,2,303
15732.0,294.12,2,215
17163.0,293.1,2,66
12829.0,293.0,2,376
15545.0,292.72,2,163
16721.0,292.47,1,172
13259.0,292.32,1,132
13502.0,292.0,3,264
13449.0,291.88,1,222
13544.0,291.41,2,127
14656.0,291.05,2,120
14947.0,290.82,2,179
16648.0,290.66,1,281
15279.0,290.51,1,189
17691.0,290.4,2,134
16526.0,290.36,1,106
17081.0,290.16,2,78
14784.0,289.99,2,237
17464.0,289.96,1,220
14953.0,289.82,1,225
16897.0,289.78,2,73
14162.0,289.36,2,142
16125.0,289.35,1,124
14549.0,289.24,1,136
17501.0,288.6,2,160
16808.0,288.42,2,196
15396.0,288.18,1,122
17977.0,288.14,1,342
17080.0,287.62,2,166
17760.0,287.59,2,239
16432.0,287.4,1,276
13760.0,286.79,2,197
16555.0,285.89,2,175
14660.0,285.74,2,228
17636.0,285.56,1,182
16429.0,284.55,1,9
18190.0,284.46,2,140
13121.0,283.73,1,252
13439.0,283.71,1,242
12703.0,283.55,1,164
17783.0,283.47,2,354
17251.0,283.28,1,110
18270.0,283.15,2,101
17694.0,283.12,1,184
14350.0,282.93,1,183
13754.0,282.6,2,214
13177.0,282.45,1,91
17247.0,282.19,1,106
16557.0,281.85,2,111
17403.0,281.62,1,117
16848.0,281.42,1,182
14242.0,280.55,2,123
13606.0,280.54,3,279
16149.0,280.52,2,308
14975.0,279.94,1,380
15556.0,279.77,1,236
14480.0,279.05,1,143
17786.0,278.74,2,200
14764.0,278.3,1,190
14908.0,277.8,1,132
17968.0,277.35,1,160
13803.0,277.07,1,121
15355.0,277.05,2,45
16883.0,276.73,2,104
13272.0,276.56,2,96
14508.0,276.42,2,131
12750.0,275.88,1,137
14512.0,275.28,2,122
16313.0,274.15,2,165
16727.0,272.82,1,177
17254.0,272.44,2,252
17498.0,272.22,1,394
14819.0,272.07,2,109
13917.0,272.04,2,228
14816.0,271.85,1,5
13058.0,271.4,3,52
13837.0,271.24,2,183
17767.0,271.2,1,128
17496.0,271.05,1,79
18108.0,271.0,1,84
17011.0,270.9,1,186
15774.0,270.8,1,87
13533.0,270.79,3,204
14520.0,270.6,2,146
13242.0,270.4,3,130
12558.0,269.96,1,196
14727.0,268.58,1,62
15408.0,267.18,1,106
17550.0,267.16,3,86
15320.0,267.13,1,326
17708.0,267.08,2,91
15517.0,267.03,1,293
16451.0,266.97,1,120
14863.0,266.76,1,132
15119.0,266.4,1,88
12962.0,266.39,2,129
15019.0,266.0,1,159
14068.0,265.85,1,73
17430.0,265.76,2,190
14423.0,265.2,1,120
13973.0,264.7,1,109
15912.0,264.62,2,185
14452.0,264.44,2,119
15894.0,263.55,2,168
12492.0,263.21,2,192
16936.0,262.68,1,173
17194.0,262.62,2,119
16413.0,262.2,1,148
17385.0,261.11,1,201
13189.0,260.68,2,842
14053.0,260.25,2,215
15014.0,260.17,2,151
15143.0,259.45,1,150
17125.0,259.35,1,291
13127.0,259.17,1,127
16447.0,259.01,1,223
15577.0,258.88,3,89
13277.0,258.4,4,176
13227.0,257.7,1,99
14375.0,257.68,1,194
18009.0,257.34,1,126
13626.0,257.23,1,209
16048.0,256.44,2,144
12430.0,256.4,1,117
13806.0,256.38,1,56
17896.0,256.32,1,288
14761.0,255.9,2,118
15277.0,255.9,1,205
14881.0,255.4,1,316
16226.0,255.12,3,192
15261.0,254.82,1,270
12604.0,254.18,2,201
14765.0,254.11,3,135
15689.0,254.1,2,84
12797.0,254.03,1,118
15759.0,253.04,3,60
17860.0,252.8,1,104
15035.0,252.73,1,245
13404.0,252.49,2,111
15346.0,252.42,1,144
13645.0,252.1,1,158
13711.0,252.06,2,140
16330.0,251.91,3,147
16836.0,251.87,2,165
17155.0,251.7,2,242
16976.0,251.52,1,88
16024.0,251.24,1,398
14501.0,251.21,2,161
13512.0,251.21,1,143
13207.0,250.26,2,130
16596.0,250.15,2,97
17303.0,250.04,1,144
15510.0,250.0,1,2
17456.0,249.86,1,222
18005.0,249.72,2,93
16124.0,249.0,1,48
13061.0,248.61,1,107
17111.0,248.61,1,302
18212.0,248.42,1,101
16510.0,248.1,1,92
15097.0,248.08,1,170
13592.0,247.96,4,84
18072.0,247.44,1,288
13349.0,247.32,1,225
14658.0,247.15,2,47
17051.0,247.14,1,184
15783.0,246.3,1,212
17278.0,246.04,1,179
16778.0,245.94,2,194
17771.0,245.81,2,287
12660.0,245.1,1,127
15118.0,244.8,1,1440
16601.0,244.8,1,134
16528.0,244.41,1,171
17892.0,244.1,3,109
17925.0,244.08,1,72
13103.0,243.94,1,82
16793.0,243.84,1,146
18193.0,243.76,1,124
13886.0,243.56,1,126
15634.0,243.55,1,99
17339.0,243.36,2,152
17908.0,243.28,1,173
14647.0,243.22,1,95
16215.0,242.35,1,104
15776.0,241.62,1,138
14523.0,241.09,1,251
16427.0,241.06,2,156
15598.0,240.68,1,160
15286.0,240.55,1,55
13565.0,240.22,2,172
17256.0,240.0,2,141
17181.0,239.92,2,241
15690.0,239.76,2,408
13570.0,239.49,1,161
17684.0,239.41,1,145
16756.0,239.4,1,106
15850.0,238.85,2,302
12561.0,238.85,1,177
12718.0,238.25,1,203
17877.0,237.61,1,98
14586.0,237.36,1,444
15457.0,237.07,1,132
18110.0,236.3,1,86
12732.0,236.26,1,111
16026.0,236.09,1,243
13187.0,236.02,1,95
15462.0,234.6,3,172
14473.0,234.34,2,88
17060.0,234.24,1,216
16961.0,234.17,1,125
12736.0,234.0,1,173
15483.0,233.81,4,295
13348.0,233.76,1,136
16583.0,233.45,1,111
14995.0,233.23,2,103
16302.0,233.22,1,158
13678.0,232.6,1,924
18213.0,232.48,1,232
16117.0,232.21,1,130
15393.0,231.86,2,150
16641.0,231.1,1,256
18030.0,230.65,2,67
15866.0,230.53,1,126
16445.0,230.51,1,111
13786.0,230.4,1,136
16926.0,230.25,1,35
13960.0,230.22,2,142
12812.0,229.64,1,164
13474.0,229.59,1,132
13008.0,229.47,1,175
15528.0,229.33,1,123
14793.0,228.99,1,91
17347.0,228.96,1,216
13146.0,228.91,1,154
13712.0,228.84,1,352
13070.0,228.8,1,110
17969.0,228.2,2,152
16527.0,228.06,1,106
14569.0,227.39,1,79
17212.0,226.85,1,147
17572.0,226.75,4,95
16315.0,226.37,1,75
16777.0,226.35,2,64
16619.0,226.21,1,133
17789.0,225.9,1,74
12672.0,225.9,1,78
14624.0,225.85,2,162
14357.0,225.77,1,148
12402.0,225.6,1,94
16690.0,225.58,2,138
14052.0,225.36,1,89
16587.0,225.15,1,71
17171.0,224.91,1,185
15175.0,224.14,1,454
16471.0,223.95,1,141
16753.0,223.92,1,189
14929.0,223.88,1,136
13926.0,223.85,1,104
18101.0,223.65,2,88
15637.0,223.36,1,128
17534.0,223.36,1,103
13382.0,222.99,1,131
15897.0,222.05,2,261
14598.0,221.97,1,189
14960.0,221.27,2,221
16392.0,221.19,1,203
13419.0,221.06,1,275
15790.0,220.85,1,114
16482.0,220.62,1,346
13079.0,220.1,5,62
18114.0,220.1,1,55
13600.0,219.52,1,324
15096.0,219.39,1,120
16895.0,219.14,1,102
12702.0,219.0,1,53
13669.0,218.55,2,237
17619.0,218.52,1,127
13428.0,218.47,1,156
12574.0,218.45,1,61
15724.0,218.25,2,73
14570.0,218.06,2,95
16634.0,217.9,2,82
13271.0,217.38,1,253
15554.0,217.2,1,74
16080.0,217.16,2,128
13739.0,216.9,1,54
13503.0,216.85,1,248
15460.0,216.76,1,109
12897.0,216.5,2,110
15604.0,216.39,1,159
17436.0,216.3,2,90
14104.0,216.21,2,72
13858.0,216.17,1,75
16179.0,215.83,1,99
15052.0,215.78,1,82
17580.0,215.72,3,88
14476.0,215.7,1,132
16189.0,215.48,2,134
16190.0,215.08,1,88
16519.0,215.08,2,54
12831.0,215.05,1,135
12588.0,214.9,1,53
16338.0,214.8,1,94
16411.0,214.65,2,132
16846.0,214.32,1,135
16647.0,214.06,2,146
14601.0,213.96,1,168
13621.0,213.85,1,343
17153.0,213.78,1,104
14241.0,213.7,1,146
13411.0,213.55,1,72
16591.0,213.5,1,41
15540.0,213.3,1,200
14984.0,213.27,2,60
17928.0,212.54,2,140
16017.0,211.88,1,102
16356.0,211.77,3,93
15703.0,211.5,1,66
12995.0,211.32,1,108
16415.0,210.35,1,187
13532.0,210.31,1,129
13828.0,209.49,1,311
17855.0,208.97,1,197
15327.0,208.75,1,116
17514.0,208.65,1,135
16914.0,208.46,1,121
16457.0,208.36,1,140
12547.0,207.8,2,134
18191.0,207.8,1,140
16866.0,207.74,3,60
16323.0,207.5,1,50
17923.0,207.5,1,50
16752.0,207.5,1,54
13099.0,207.36,1,288
15925.0,207.15,1,93
15820.0,206.98,1,128
18126.0,206.83,1,144
17166.0,206.34,2,78
14964.0,206.21,1,143
13065.0,205.86,1,74
17670.0,205.7,1,110
17843.0,205.48,1,113
15307.0,205.3,1,37
15758.0,205.25,1,47
13513.0,205.1,1,109
15319.0,204.5,1,175
17206.0,204.24,1,76
18273.0,204.0,3,80
13017.0,204.0,1,48
17187.0,203.95,1,144
17889.0,203.87,2,79
17394.0,203.87,1,241
17891.0,203.86,1,393
17376.0,203.2,2,86
15723.0,203.1,1,87
14381.0,202.68,1,146
18169.0,202.65,1,61
14385.0,202.11,3,159
15347.0,201.6,1,130
13295.0,201.2,1,82
16965.0,201.19,1,291
13284.0,201.19,1,91
13859.0,201.16,1,129
17988.0,201.12,7,43
17693.0,200.47,1,231
13262.0,200.29,1,125
15437.0,200.16,1,79
13980.0,200.14,1,172
14782.0,200.1,1,114
13723.0,199.85,1,43
15593.0,199.8,1,60
13322.0,199.48,1,117
17383.0,199.29,1,150
16832.0,199.15,3,33
17987.0,198.57,1,261
16178.0,197.9,1,94
12450.0,197.88,2,128
12581.0,197.71,1,161
14185.0,197.65,1,6
14789.0,197.64,1,116
17301.0,197.63,1,149
16829.0,197.22,1,99
14830.0,197.13,1,169
15234.0,197.0,1,196
12586.0,196.94,1,79
13436.0,196.89,1,76
15746.0,196.88,1,178
13978.0,196.79,2,315
17660.0,196.0,1,130
16112.0,195.74,4,574
13792.0,195.55,2,92
17010.0,195.36,1,118
14666.0,195.25,1,161
15612.0,195.15,2,52
14100.0,194.9,1,64
16887.0,194.88,1,157
14087.0,194.42,1,251
17475.0,194.37,1,178
15683.0,193.75,1,131
17343.0,193.64,1,56
15198.0,193.64,2,120
16847.0,193.44,1,78
17608.0,193.42,2,232
14806.0,193.39,1,330
14801.0,193.14,1,175
13568.0,192.85,1,70
12522.0,192.72,2,194
12791.0,192.6,1,97
14768.0,192.6,2,52
15909.0,191.94,1,98
17904.0,191.67,1,63
14966.0,191.32,1,187
15692.0,191.04,1,138
17233.0,190.88,1,131
13033.0,190.55,1,83
15412.0,190.53,1,108
13972.0,190.25,2,187
17885.0,190.19,1,167
12361.0,189.9,1,91
13826.0,189.5,1,82
13663.0,189.47,1,91
18045.0,189.4,1,142
16448.0,188.89,1,78
14697.0,188.61,2,181
12893.0,188.14,1,96
17781.0,188.02,2,34
14722.0,187.92,1,120
17279.0,187.83,1,48
18013.0,187.29,2,285
17440.0,186.42,3,246
13672.0,186.39,2,57
14551.0,186.23,2,106
15567.0,186.01,1,223
12641.0,185.9,1,72
17574.0,185.65,1,77
14199.0,185.4,1,28
16097.0,185.05,1,87
13482.0,184.64,1,116
17680.0,184.4,1,96
16433.0,184.26,1,106
15124.0,184.19,2,233
14326.0,183.85,1,103
16680.0,183.7,1,94
14059.0,183.6,1,128
13460.0,183.44,2,286
13059.0,183.4,1,35
17772.0,182.77,2,58
14082.0,182.25,1,110
18119.0,181.12,1,125
15886.0,181.09,1,147
16594.0,181.09,1,64
15945.0,181.0,1,52
15292.0,180.94,1,56
16835.0,180.85,2,61
18280.0,180.6,1,45
13710.0,180.48,1,176
15041.0,180.35,1,104
13598.0,180.17,1,58
12622.0,180.1,1,69
18147.0,179.34,2,203
15895.0,179.17,1,94
15454.0,179.1,1,86
16990.0,179.0,1,100
14705.0,179.0,1,100
16620.0,178.96,2,88
15139.0,178.96,2,208
15262.0,178.95,1,73
13778.0,178.7,1,70
17879.0,178.52,1,45
17253.0,178.26,1,43
17356.0,178.22,1,166
18282.0,178.05,2,103
16403.0,177.5,1,114
13618.0,177.34,1,246
12618.0,177.31,1,96
13072.0,177.15,1,69
12923.0,176.97,1,69
17947.0,176.68,1,168
14287.0,176.63,3,261
12509.0,176.5,1,55
18274.0,175.92,1,88
17582.0,175.27,1,123
16144.0,175.2,1,16
17331.0,175.2,1,16
18010.0,174.8,1,60
14355.0,174.4,1,92
13560.0,174.37,1,64
14518.0,174.37,1,278
15335.0,173.97,1,80
18278.0,173.9,1,66
16861.0,173.76,2,140
14798.0,173.74,3,150
16565.0,173.7,1,46
12441.0,173.55,1,121
15565.0,173.16,2,60
15670.0,173.05,1,91
14693.0,172.9,1,34
18048.0,172.29,2,127
13690.0,172.25,1,67
13922.0,172.25,1,93
12442.0,172.06,1,182
14536.0,171.8,1,40
16773.0,171.59,1,171
17245.0,171.45,1,75
15432.0,171.19,1,65
17542.0,170.75,1,134
14860.0,170.32,1,232
18058.0,170.16,1,88
15016.0,170.04,1,76
16921.0,169.79,1,171
13962.0,169.55,2,87
14218.0,169.48,1,160
18004.0,169.47,1,78
12367.0,168.9,1,173
14578.0,168.63,1,240
18269.0,168.6,1,76
17367.0,168.4,1,150
18099.0,168.31,1,149
15888.0,168.31,1,76
16282.0,168.3,1,114
17737.0,168.24,2,108
15986.0,168.12,1,268
12551.0,168.0,1,100
15374.0,168.0,1,126
18088.0,167.67,1,109
17561.0,167.62,1,146
16952.0,167.61,2,92
15920.0,167.5,4,99
16405.0,167.25,2,187
18014.0,166.42,1,68
14295.0,166.2,1,84
17650.0,166.08,1,150
12817.0,166.04,1,53
14485.0,165.75,1,71
14552.0,165.07,1,91
18042.0,165.05,1,33
15316.0,165.0,1,100
13470.0,165.0,2,100
15904.0,164.68,1,84
17535.0,164.4,1,136
13603.0,164.34,1,164
12920.0,164.23,1,129
18200.0,163.8,1,111
14354.0,163.62,2,210
17110.0,163.3,1,50
13223.0,163.2,2,88
16406.0,163.07,1,122
15167.0,163.0,1,67
16517.0,162.7,1,96
15733.0,162.3,1,62
15325.0,162.29,1,232
16932.0,161.94,1,87
17600.0,161.67,1,144
15458.0,161.64,1,156
16113.0,161.38,1,176
14362.0,161.2,1,100
14204.0,161.03,1,82
14237.0,161.0,1,38
14089.0,161.0,1,134
13229.0,160.95,1,63
15852.0,160.71,2,48
17344.0,160.57,1,66
12573.0,160.54,1,84
18203.0,160.42,1,43
18146.0,160.35,2,153
14714.0,160.19,1,229
12966.0,160.18,1,75
13420.0,159.85,2,101
16213.0,159.0,1,48
18224.0,158.95,1,69
13937.0,158.85,1,123
17165.0,158.68,1,100
15160.0,158.16,1,84
15348.0,158.04,1,84
15988.0,158.03,1,181
17556.0,157.9,1,101
14799.0,157.7,1,146
14148.0,157.2,1,16
17128.0,157.09,1,76
14585.0,157.05,1,91
17118.0,157.02,1,154
15007.0,156.91,1,69
14406.0,156.75,1,77
15438.0,156.58,1,59
15263.0,156.51,1,89
13898.0,155.93,1,133
17871.0,155.9,1,182
17899.0,155.8,1,171
14813.0,155.43,2,67
17832.0,155.37,1,208
12738.0,155.35,1,148
16720.0,155.24,1,182
15447.0,155.17,1,85
13809.0,155.05,1,29
14368.0,155.0,1,36
14046.0,154.99,1,460
17698.0,154.95,1,93
15740.0,154.88,1,152
17026.0,154.83,2,97
15226.0,154.41,1,71
17517.0,153.94,1,102
17286.0,153.92,1,118
16351.0,153.9,1,90
12602.0,153.12,1,162
17714.0,153.0,1,92
16248.0,152.94,1,78
17984.0,152.68,1,98
18138.0,152.65,1,38
14066.0,152.55,1,45
17707.0,152.4,2,144
13514.0,152.2,1,40
14039.0,152.2,1,92
17898.0,152.06,2,190
16617.0,151.85,1,91
16412.0,151.83,1,73
14208.0,151.74,1,114
13462.0,151.5,1,62
16461.0,151.42,1,49
13697.0,151.3,1,177
16337.0,151.05,1,87
14073.0,151.04,1,130
15717.0,150.3,1,70
17234.0,149.89,1,55
15869.0,149.64,2,175
17946.0,149.58,2,75
18262.0,149.48,1,182
15748.0,149.31,1,51
15435.0,149.29,1,54
13003.0,149.05,3,103
17549.0,148.86,2,210
15526.0,148.44,2,24
17859.0,148.21,1,127
14968.0,147.59,1,127
14098.0,147.35,1,104
14037.0,147.2,2,46
12864.0,147.12,1,216
15503.0,147.09,1,74
17030.0,146.87,1,146
14238.0,146.85,1,111
16893.0,145.93,1,62
12565.0,145.92,1,80
17935.0,145.79,2,82
13866.0,145.67,1,57
15937.0,145.35,1,73
16598.0,145.05,1,73
17524.0,145.0,1,90
16852.0,144.91,2,56
12974.0,144.8,1,24
14109.0,144.2,1,88
12587.0,144.0,1,51
17186.0,144.0,2,200
17578.0,143.46,1,138
15705.0,143.1,1,62
16287.0,142.5,1,298
13299.0,142.5,1,30
13584.0,142.4,1,37
14386.0,142.4,1,54
13561.0,141.86,1,83
14041.0,141.41,1,94
15388.0,140.54,1,88
13483.0,140.34,1,160
14494.0,139.56,1,92
17718.0,139.35,1,83
16483.0,139.35,1,44
14772.0,139.26,1,82
18209.0,139.1,1,58
15135.0,139.05,1,43
13273.0,138.98,1,153
12902.0,138.68,1,66
14581.0,138.6,1,217
17122.0,138.32,1,80
13716.0,138.28,1,138
15663.0,138.14,1,106
12512.0,138.03,2,99
16050.0,137.9,1,278
13279.0,137.75,1,73
17709.0,137.45,1,17
15836.0,137.37,1,26
14483.0,137.1,1,97
17468.0,137.0,2,116
15691.0,136.8,1,72
14247.0,136.77,1,47
17972.0,136.04,1,37
16462.0,136.0,3,16
12968.0,135.95,1,73
15042.0,135.93,1,30
14889.0,135.9,1,90
15419.0,135.86,1,230
16114.0,135.75,1,43
15174.0,135.75,1,145
16665.0,135.4,1,59
15276.0,135.31,1,64
12851.0,135.18,1,109
13364.0,134.96,1,71
16055.0,134.8,1,22
14340.0,134.7,1,58
15562.0,134.55,1,39
14174.0,134.46,1,94
12837.0,134.1,1,24
14280.0,134.04,1,52
16424.0,133.56,1,88
14349.0,133.5,1,86
12445.0,133.4,1,62
17881.0,133.35,1,32
15709.0,133.25,1,121
17647.0,133.06,1,30
17785.0,131.94,1,67
14438.0,131.9,1,82
17297.0,131.78,1,67
17455.0,131.7,1,66
14795.0,131.45,1,17
15844.0,130.74,1,134
16679.0,129.75,1,29
16611.0,129.49,1,47
16623.0,129.45,1,39
16828.0,128.5,2,59
15543.0,127.86,1,86
17359.0,127.86,1,161
13781.0,127.84,1,30
15578.0,127.1,1,52
15923.0,127.08,1,122
14962.0,126.7,1,44
16414.0,126.25,2,27
15463.0,126.14,1,106
16988.0,126.12,1,43
12814.0,125.92,1,49
13522.0,125.8,1,44
14861.0,125.79,1,117
14890.0,125.65,1,51
15017.0,125.58,1,63
12531.0,125.22,1,45
17148.0,124.88,1,82
16849.0,124.57,1,33
16569.0,124.2,1,93
14495.0,123.8,2,62
16658.0,123.24,1,40
15917.0,123.1,1,42
17967.0,123.07,1,80
13519.0,122.75,1,23
13876.0,122.7,1,36
14413.0,122.7,1,68
13638.0,122.64,1,93
14165.0,122.54,1,54
14076.0,122.47,1,81
16073.0,122.4,1,48
18018.0,122.14,2,55
13244.0,121.74,1,38
13182.0,121.18,1,201
15049.0,121.17,1,63
15512.0,121.0,2,68
13002.0,120.95,1,73
17446.0,120.9,2,198
18015.0,120.03,1,157
14259.0,120.0,1,68
14314.0,120.0,1,296
14453.0,119.93,1,49
16542.0,119.62,1,46
15266.0,119.3,1,18
16666.0,118.98,1,233
15843.0,118.95,1,27
17079.0,118.8,1,24
14155.0,118.75,1,25
13581.0,118.0,1,30
13193.0,117.88,1,50
12929.0,117.85,1,37
17654.0,117.55,1,41
16959.0,117.35,1,49
13877.0,117.24,1,108
17117.0,116.2,1,68
17601.0,116.01,1,103
13170.0,116.01,1,147
14143.0,115.8,1,30
15350.0,115.65,1,51
13067.0,115.46,1,32
18027.0,115.31,1,78
14972.0,114.77,1,28
13188.0,114.6,1,25
16247.0,114.56,1,182
14632.0,114.56,1,96
14974.0,114.39,1,44
17852.0,114.34,2,53
17219.0,114.23,1,89
14652.0,114.18,1,53
12938.0,114.14,1,140
14582.0,114.11,1,73
12651.0,114.0,1,78
14457.0,113.64,1,88
15445.0,113.5,1,58
17217.0,113.5,1,24
18105.0,113.48,1,46
16913.0,113.44,1,82
15280.0,113.12,1,154
14689.0,112.8,1,76
13161.0,112.75,1,29
16697.0,112.75,1,27
13807.0,112.6,1,36
18129.0,112.55,1,48
15610.0,112.46,1,66
17038.0,112.4,1,28
14271.0,112.32,1,88
17893.0,112.25,1,161
17900.0,112.2,2,73
12756.0,112.08,1,144
17274.0,111.98,1,79
17957.0,111.68,1,287
17887.0,111.35,1,30
18120.0,111.15,1,31
13508.0,110.97,1,24
13144.0,110.95,1,21
15537.0,110.92,1,29
15853.0,110.8,1,135
17349.0,110.75,1,112
16963.0,110.55,1,35
14641.0,110.46,1,90
12734.0,110.4,1,88
16792.0,110.38,2,44
17901.0,110.38,1,24
18277.0,110.38,1,68
17746.0,110.25,1,29
17836.0,110.21,1,88
16339.0,109.95,1,23
13133.0,109.8,2,32
16363.0,109.36,1,52
14699.0,109.13,1,77
14345.0,108.98,1,50
17639.0,108.5,1,49
16106.0,108.38,1,74
13226.0,108.21,1,80
12956.0,108.07,1,34
14661.0,107.95,1,35
16784.0,107.6,1,24
15395.0,107.45,1,17
16757.0,106.83,1,81
15168.0,106.56,1,52
15070.0,106.2,1,36
17791.0,106.1,1,46
16581.0,105.84,1,134
15775.0,104.9,1,68
14027.0,104.82,1,62
15607.0,104.76,1,202
15958.0,104.35,1,33
18174.0,104.0,1,50
17548.0,103.3,1,58
18255.0,103.3,1,74
14542.0,103.25,1,19
17962.0,102.83,1,128
18011.0,102.79,1,71
14836.0,102.45,3,45
14981.0,102.12,1,97
13948.0,102.0,1,40
15212.0,101.8,1,36
16516.0,101.7,1,58
18068.0,101.7,1,6
17643.0,101.55,1,71
16006.0,101.4,1,84
18086.0,101.34,1,106
13101.0,101.19,1,113
16344.0,101.1,1,18
16498.0,100.97,2,45
14946.0,100.9,1,22
17427.0,100.8,1,34
14371.0,100.5,1,34
13703.0,99.5,1,10
17939.0,99.14,1,40
15256.0,98.45,1,55
17538.0,98.42,1,134
17895.0,98.0,1,130
18033.0,97.97,1,253
15422.0,97.7,2,38
12984.0,97.5,1,26
17325.0,96.8,1,60
15216.0,96.6,1,28
14642.0,96.12,1,76
17024.0,95.85,3,69
18249.0,95.34,1,128
12548.0,95.2,1,49
16387.0,94.36,1,44
13651.0,94.2,2,33
15397.0,94.0,1,20
15428.0,93.78,1,102
18227.0,93.75,1,21
13283.0,93.66,2,90
17991.0,93.35,2,25
12821.0,92.72,1,70
14054.0,92.46,1,62
12789.0,91.85,1,4
13551.0,91.8,1,12
13160.0,91.8,1,56
12659.0,91.68,1,105
15488.0,91.32,1,73
14353.0,90.6,1,64
13947.0,90.6,1,44
18084.0,90.48,1,312
16506.0,90.3,2,42
15552.0,90.12,1,60
16597.0,90.04,1,184
14117.0,90.0,1,72
14219.0,89.94,1,78
14760.0,89.2,1,40
12686.0,89.14,1,107
14436.0,89.06,1,129
12353.0,89.0,1,20
15083.0,88.2,1,38
15180.0,87.5,1,36
13296.0,87.4,1,78
15541.0,85.13,1,49
13841.0,85.0,1,100
15729.0,85.0,1,28
13666.0,84.65,3,41
12401.0,84.3,1,11
17309.0,82.75,1,41
13006.0,81.57,1,55
17620.0,81.44,1,60
18281.0,80.82,1,54
16789.0,80.8,1,32
13967.0,80.7,1,42
17752.0,80.64,1,192
13747.0,79.6,1,8
15753.0,79.2,1,144
16078.0,79.2,1,16
17942.0,77.5,1,38
14785.0,77.4,2,84
13132.0,77.3,1,20
13992.0,76.8,1,64
14373.0,76.55,1,17
13106.0,76.5,1,18
17536.0,76.5,1,6
15668.0,76.32,1,72
14090.0,76.32,1,72
18113.0,76.32,1,72
16148.0,76.32,1,72
17995.0,76.1,1,133
17628.0,75.75,1,79
16610.0,75.66,1,66
13403.0,75.0,1,44
16468.0,74.9,1,31
18050.0,74.4,1,40
13095.0,74.4,1,144
17960.0,73.78,1,41
18032.0,73.5,1,42
12506.0,73.5,1,23
16171.0,73.2,1,24
17906.0,72.9,1,26
13686.0,72.0,1,70
13938.0,71.66,1,70
13185.0,71.4,1,12
17747.0,71.4,1,12
17022.0,71.0,1,108
18037.0,70.02,6,20
15863.0,68.84,2,19
14393.0,67.95,1,13
13684.0,67.23,1,39
17382.0,65.4,1,25
13130.0,64.0,1,32
13302.0,63.75,1,5
17263.0,63.44,1,36
12665.0,63.0,1,37
14437.0,63.0,1,60
14840.0,62.85,1,31
13218.0,62.64,1,88
15516.0,62.43,3,27
13194.0,60.7,1,26
17174.0,59.9,1,41
13391.0,59.8,1,4
13682.0,59.5,1,10
14957.0,58.49,1,34
13080.0,58.08,1,120
17775.0,56.4,1,72
15899.0,56.25,1,39
13366.0,56.16,1,144
16349.0,53.5,1,9
15504.0,52.83,1,33
14865.0,52.2,2,108
13832.0,52.2,1,28
15313.0,52.0,1,25
14682.0,52.0,2,80
17844.0,51.56,1,52
14351.0,51.0,1,12
13011.0,50.55,1,13
18184.0,49.8,1,60
14821.0,48.8,1,20
15603.0,48.48,1,96
16257.0,46.95,1,2
14080.0,45.6,1,48
15423.0,43.5,1,101
14300.0,43.2,1,32
15992.0,41.99,1,17
15178.0,40.5,1,30
14589.0,39.75,1,5
12977.0,39.24,1,12
16659.0,39.12,1,72
18019.0,38.45,1,7
12855.0,38.1,1,30
16162.0,37.4,1,4
17816.0,36.56,4,30
15940.0,35.8,1,4
16856.0,35.4,1,12
17831.0,35.4,1,12
14576.0,35.4,1,12
15744.0,34.8,1,120
16765.0,34.0,1,4
17408.0,32.65,1,3
13120.0,30.6,1,12
15657.0,30.0,1,24
17102.0,25.5,1,2
18268.0,25.5,1,2
16953.0,20.8,1,10
17986.0,20.8,1,10
16093.0,17.0,1,20
17763.0,15.0,1,12
15823.0,15.0,1,1
13307.0,15.0,1,4
16878.0,13.3,1,12
17956.0,12.75,1,1
16454.0,6.9,2,3
14792.0,6.2,1,2
16738.0,3.75,1,3
